plate_well	genehits_fixed_10K
P1B02	RTG3;NUP170;YBR144C;EHT1;TDP1;YBR224W;PHO89;PWP2;AAD3;GUD1;WHI4;ACK1;PCL2;YDL124W;SNA4;BRE1;SYO1;VTC5;TRS85;ALT2;SAC3;SEC5;SEC7;MSC2;CDS_IV_871902_873218;CDS_IV_871902_873194;PRP42;SUM1;TRR1;YDR445C;GIN4;CDS_IX_19847_21220;RRD1;NUP159;ARC15;SQT1;YEL075C;YEL050W-A;RML2;RAD23;IRC22;SEC3;RPN3;HIS1;FCY22;UBP9;ALR2;RPO41;YFR036W-A;RSC8;HXK2;HFM1;CSE1;ADE5,7;EMP24;YGL176C;SPO74;THG1;ADE6;NUP57;ASN2;CBF2;MIC26;MGA1;YHR070C-A;SPL2;MTC6;GPI16;VPS35;NCA3;CPA2;RSF2;HYM1;COY1;NNR2;CWP1;YKL050C;MAE1;DYN1;MLP1;VBA5;HSP104;BPT1;MNL2;SMC4;GAA1;RKM5;THI7;ATP14;STT4;YLR322W;STE11;SMC6;BDF1;LEU3;YLR454W;ITT1;SPC2;CDC5;NAT4;YMR099C;ALD3;GCV2;EFR3;BCH1;RKR1;PRE5;NAR1;GCR2;FKH2;YNL034W;ARE2;AGA1;BIO4;YNR065C;YOL075C;YOL037C;YOL036W;HMS1;CUE5;ASE1;VPS17;ATG40;STE4;GCD1;YPK9;FDH1;YAR1;PDR12;TAF3;MSF1
P1B03	AAD3;TRR1;RPN3;HIS1;RPO41;ADE6;MAE1;LEU3;ARE2;FUN30;BUD14;IMD1;MRPL16;MEC1;NPL4;ERV15;CHA1;RNQ1;PAT1;OCA4;SAS10;RPO21;MRX16;YDR183C-A;MTH1;MRPL35;SHQ1;GTA1;GTT3;ICL1;MET6;GLE2;RTR1;YER158C;ECM32;GCN1;IME4;HSF1;YGL072C;CAF130;MVB12;ERC1;KSP1;DMA1;PRM10;SRS2;DAN4;RCI50;SHE2;SMY1;CDC16;UTH1;PTR2;OSW2;YLR339C;RPP0;NBP1;YLR458W;MOT3;CAT8;YNL338W;BNI4;RTT106;NIS1;AQR1;SLM2;BDP1;BIO5;TLG2;INP53;ISW2;MSC6;MRS6;COG4;ASN1
P1B04	NUP170;TRS85;TRR1;IRC22;SEC3;ADE6;MAE1;MLP1;HSP104;YNR065C;YOL075C;ATG40;STE4;PDR12;COG4;FLO9;GPB2;CCR4;SWH1;PET9;YBR056W;VPS15;SHE3;CNS1;KTR4;DUR1,2;RGD1;TSC10;PCA1;IMG1;GDH2;CDC48;RRP42;RPN6;VPS41;DOP1;MKC7;SLY1;ADR1;YDR239C;YDR248C;SWM1;GCN2;CFT1;TFB1;PHO92;TOM1;PAC11;PUF6;SAM2;CSS1;YIL055C;NOT3;AFG3;HMF1;BOI2;BRR2;YFR035C;CDC55;YGL138C;SCS3;SNF4;RMD9;RPL7A;YGL024W;PIB2;KAP122;YGR053C;SHY1;YGR125W;YGR190C;ADE3;CIR1;CCH1;PHO81;YHB1;YGR266W;MAL11;SPO11;ERG11;MYO1;SSF1;SBE22;TOM71;ATP12;YJL150W;SFH5;NET1;IRC8;YJL045W;MHP1;BET4;YJR015W;ISY1;YJR154W;PAU16;FAS1;PRR1;HAP4;PRP40;SIS2;ESL2;AYT1;SFI1;UBR2;MLO50;RAX2;KIN2;ICT1;REA1;RRN5;YLR162W-A;FKS1;MDM30;UTP21;TDA9;TCB3;YOX1;SAM37;YPK2;MRPS8;RNH1;DSS1;FIG4;BXI1;SIP3;FOL1;YNL190W;UBP10;APC1;YCK2;DOM34;POP2;PSF3;CRT10;PEX15;AUS1;RTS1;AHC1;STI1;YOR093C;DPI34;DED1;MKK1;DGK1;ALA1;MNE1;TFB6;HUT1;GUP2;NOP4;TFC8;CMR3;MRD1;SPN1;QCR2
P1B07	SAC3;ADE6;HSP104;SFI1;TEL1;BUD3;SED4;COP1;OMS1;SER33;DSN1;DSF1;BEM2;NIC96;KEG1;DSD1;CUP2;YGL165C;ENV11;PIH1;UBP12;MNS1;SMF3;CCW12;YLR126C;BOP2;VAC14;NUP188;MYO5;ECM16;ADE4;MON2;DSL1;CBK1;HHF2;PHO80;SLK19;YOR293C-A;VIK1;MMT2;GIP3;MRP2;OPT2
P1B11	ADE5,7;MAE1;YNL338W;BIO5;DOP1;IRC8;TFC8;MRD1;BUD3;SMF3;BOL3;SSA3;SEF1;KAP104;EDS1;PCH2;YBP1;REI1;SRF1;YDL109C;GCV1;STE5;SUP35;SWA2;YSP2;YDR341C;GUT2;ASG1;SPO73;GDI1;MIL1;FAB1;MES1;YHL045W;DOG2;RIX1;GCD14;CYR1;XYL2;YML084W;HMG1;ILV2;ATM1;BNI1;YNL198C;PHO23;CSE2;ARG1;UBP2;PDR5;ATF1;YOR389W;YTA6;CIT3
P1C02	TRR1;NUP159;ADE5,7;LEU3;EFR3;ARE2;MEC1;MET6;HSF1;CDC16;PTR2;ISW2;CCR4;BOI2;PIB2;KAP122;ADE3;MHP1;FAS1;ESL2;SAM37;APC1;UBP12;SSA3;BNI1;ECM21;UBP13;YEL1;APL3;PEP1;HMT1;FIG1;ATG12;YBR225W;BIK1;DCC1;SNT1;GLE1;GGC1;YDL196W;VMA1;DLD2;MHF2;STE7;LDB17;YDL022C-A;ARX1;SWI5;NUM1;PIB1;UBX5;YPS7;MRP20;TRS120;CYM1;DIG2;UBP7;NDC80;AXL2;HXT13;LCP5;GRX4;OSW7;RTF1;CHC1;MPT5;XRN1;SUT1;PEX14;YGL152C;YGL140C;NAB2;YGL114W;RSC1;RTS3;YGR161W-C;TRX2;CAB4;CWC22;YOR1;BIO2;ARN1;SLT2;MEF2;SAP185;MNN14;BUD4;YKT6;PIR3;CTK1;PUT3;YLL058W;YBT1;FRS1;ACE2;ACF2;SWI6;SKG3;FAR10;ARC18;SKI2;DAT1;FPR3;TEM1;HUG1;YML037C;SRC1;PSP2;YML003W;PEX9;MCM1;YMR103C;YMR206W;DYN3;KRI1;TOF1;POL2;RTC4;YNL234W;SWT21;YNL165W;KRE33;AVT4;LAT1;CRZ1;MSB4;YOL057W;YOL014W;SIA1;GPN2;YOR283W;RPA190;YPL272C;GYP5;ATG29;SPO19;SUV3;VTC3;SEC8;ANT1;GDB1;RPO26
P1C04	SUM1;TRR1;NUP159;MAE1;HSP104;BCH1;YNL034W;ARE2;SRS2;UTH1;MKC7;CSS1;YGR266W;MHP1;FAS1;UBR2;APC1;PEX15;UBP12;GDI1;BIK1;PUT3;RPA190;MYO4;FRT2;DRS2;EDE1;SHE1;FUR4;DTR1;PRP5;YBR284W;LRE1;CDC39;YDL199C;SEC31;RPP1B;UBP1;TMA64;CDS_IV_720860_721270;YCF1;SCC2;EBS1;CDS_IV_981252_982544;AKR1;HRQ1;SSD1;BFR2;EAF1;PDR15;ADE8;SSN2;VPS3;SPS2;ESL1;SLM1;FYV10;YIL025C;FAF1;VID28;HAT2;NOP16;SER3;KAP123;SPT2;FRS2;YFH7;YFR032C;USE1;LIF1;TWF1;PPT1;PHB1;ENP2;PBP1;TYS1;HIP1;YGR283C;PAU12;ECM29;AAP1;OSH3;BZZ1;RPN10;LAA1;YJL195C;IDS2;URA2;BCK1;DPB11;RTT101;STE18;RPL43B;DAL5;MIA40;RPT1;MBR1;URB1;YKR078W;RGR1;BOS1;HSP60;YLR278C;ATG39;MMS22;VIP1;YLR412C-A;YLR426W;RIF2;YML099W-A;ARG81;RPM2;PIF1;YAP1;CDS_XIII_357395_361357;KAR5;ADH3;HFD1;GAD1;YME2;TGL3;ZWF1;WHI3;TDA7;FAR11;DBP2;LAP2;SWM2;PRP2;SNF12;ENB1;SHR5;YOL019W;TFC7;RIO1;ARP8;GEP3;WTM2;YOR268C;FRT1;PDE2;GPB1;RPL36B;YPL250W-A;YPL247C;TRE1;MRX4;REV3;COX11;MOT1;SSN3;PMA2;SYT1;YPR117W;YPR157W;DPB2;PRP4
P1C05	TRR1;ADE6;MTC6;MAE1;HSP104;STE4;SRS2;PTR2;GPB2;SAM2;YIL055C;REA1;STE5;YOR1;SKG3;YDL199C;HIP1;ATG39;VIP1;PIF1;AIM2;CDC24;NTG1;YAR035C-A;FLO1;CDC27;ILS1;RPS8A;UTP20;YBR053C;CYC8;ATG42;IRA1;TBS1;SWC5;HEM3;MGT1;BDF2;GPM2;YAP6;MSN5;SIZ1;YDR524C-B;YDR541C;BMH1;EPL1;ROG3;COX18;CHO2;GTR2;YTA7;VMA10;LAM1;INO1;YJL016W;NNK1;CSE4;SET3;SPA2;PUF3;SHM2;BMT6;COA4;UTP13;IFH1;AFG2;TRS130;MRE11;SKO1;SRV2;MLS1;LEU4;NOP8;YOL134C;HRT1;RSB1;HNT3;MUM3;IQG1;YPL216W;YPL150W;EAF3;NVJ2;YPR097W;CTF4
P1C06	TDP1;SPL2;NCA3;LEU3;RKR1;YNL034W;ARE2;RPO21;YNL338W;FLO9;ADE3;MLO50;KIN2;DSS1;DGK1;ADE4;MMT2;EDS1;YBP1;PHO23;PDR5;MNN14;CRZ1;ESL1;SPT2;PBP1;HIP1;RIO1;ARP8;YPL250W-A;MOT1;IRA1;GCV3;ETR1;NRG2;TOS1;ARC40;YBR259W;BUD23;CTR86;SSB1;ASF2;SNF3;DLD1;RXT3;CDC7;VMS1;YDR136C;DPP1;SWR1;RPT3;GPI17;UTP6;BNR1;HOS4;SSM4;YIL029W-A;DAL81;NRE1;PAU2;YEL023C;RAD51;UBP3;YER188W;SPT16;MDS3;YGL188C-A;MND1;SLD3;ALG2;GEP7;YGR054W;UPF3;TEL2;UBR1;TFG1;RIE1;SLH1;STE20;RPF1;MRPL6;SPO16;YHR217C;GWT1;SCP160;PRY3;KAR2;YJL027C;YJL007C;TMA22;RFC2;RSM26;IML1;YKL225W;YKL222C;ABF1;LAS1;NFT1;SOF1;IES3;CHA4;NHA1;IRC20;YLR345W;LUG1;ROM2;RRN11;FMS1;NAM7;EPO1;RRP5;SCS7;DIA1;MSB3;MPA43;ATG2;SQS1;PEX17;TOM22;YNL097W-A;YNL067W-B;YNR021W;HAL9;MET22;EFT1;NOC2;YOR296W;YOR309C;NOP58;CDS_XV_970164_971457;TYE7;HSP82;FAS2;BMS1;NAB3;TCO89;NAN1;MET31;SRL4;CHL1
P1C07	NUP170;ADE6;HSP104;RPO21;KSP1;PTR2;DOP1;SLY1;YIL055C;MYO1;ENV11;MYO5;ADE4;HHF2;PSP2;PEX9;ESL1;VID28;VIP1;UTP20;RIE1;NAM7;RRP5;PSK1;PIM1;RKM3;TAT1;MMS4;VBA4;YDR249C;MRPL28;JIP4;MRS1;YEL025C;GET2;SHC1;MAM1;TOG1;TAD1;ITC1;CUE3;VPS45;PAN2;GSC2;MDR1;YHL044W;DYS1;KRE9;IML2;GRR1;LOS1;TPO5;SFK1;PRP16;YLR361C-A;YLR466C-B;PSO2;PAH1;YMR317W;RPA49;SIN4;YNL235C;SRP1;ALR1;WHI2;PFY1;SCD5;OYE3;GDE1;SUR1
P1C08	HSP104;DMA1;ESL2;FKS1;COP1;BEM2;UBP7;SSD1;MMS22;RPM2;IRA1;YHR217C;BMS1;KRE9;MAL33;GPR1;LCB2;PCF11;YDR262W;YDR525W;CIN8;RIM15;SDT1;PUF4;CDS_VII_536021_537325;ESP1;YGR291C;SNF6;NMD2;ECM14;SET2;TIM54;PRS1;SPO75;YLR162W;BER1;CDC73;MSS11;YMR173W-A;CDS_XIV_97203_101165;CDS_XIV_101149_102471;YNL099C;PAU20;ESC8;HSP10;MCT1
P1C09	MLP1;LEU3;GCD1;TAF3;ECM32;YNL338W;UTP21;ACE2;RPP1B;GPB1;PRP6;AME1;ATG15;TAF12;AHA1;CRF1;CHL4;YDR514C;DSE1;SMC1;FLC3;PEF1;YGR126W;YGR210C;GIC1;SIP5;ECM5;PSE1;COS1;PSY2;RRI2;ADE2;MYO2;PHR1;MSD1;SVL3
P1C11	VTC5;ADE5,7;ASE1;STE5;SUP35;BNI1;CYM1;CHC1;SUR1;CDC73;STP22;UPS3;RGA2;RAD30;SPT15;ELP2;UBX6;VPS13;ENT4;PET309;DPH6;FRE1;YLR407W;IMD4;NSE5;YMR057C;ZDS1;UBP15;SUN4;COQ2;ITR2;MDM32;HER1;COT1;APL4;THP3
P1D03	TRR1;MAE1;DYN1;STE11;YOL036W;VPS17;SCS3;FAS1;HAP4;AYT1;REA1;SMF3;ADE4;REI1;PHO23;UBP2;OSW7;ACE2;KRI1;SCC2;HIP1;SIZ1;SLH1;ATG2;CHL1;CHL4;RGA2;UBP15;PTA1;PRM9;SRO77;DSF2;REB1;UBP14;ORC2;TRM7;RPG1;SLM6;LDB16;BPH1;FUB1;HBT1;FMP45;YDL177C;GLT1;DHH1;ATG20;HEM12;DET1;SDH4;RTT103;PEX3;PKH3;POG1;YRB2;PAN1;MEI4;PTP3;GYP8;KAP114;STR3;ATG1;PMC1;STF2;MRP13;NOP7;VPS29;TRA1;MSH1;TRK1;GSH1;ALY2;SPE1;YLL054C;HIF1;LAM6;ALT1;PWP1;YEF3;GUF1;YLR297W;PEX30;ABF2;ADE17;YMR181C;FUS2;YMR310C;KRE1;MIC27;ARP5;YOL166C;HST1;RET1;RCN2;PNT1;GDS1;EEB1;YPR148C
P1D09	SYO1;SPO74;GCN1;UTH1;CSS1;BRR2;CDC55;SBE22;RRN5;SMF3;ECM16;YBT1;ADE8;SPA2;YPL216W;DAL81;UBR1;RIE1;SPO23;YDL180W;PCL9;SLX5;PRM2;VMA8;BUD16;DOT6;SMC2;TIM10;DNA2;CDS_X_198677_198997;NMD5;SDH1;TRM2;SSA2;SLS1;SMD3;ENT2;CDC3;YLR419W;DCK1;MSC1;GYL1;YNL208W;ROD1;AKR2;PXA1;SKS1;YPR077C;DBF20
P1E04	WHI4;TRR1;ADE5,7;SPO74;MNL2;STE11;BDF1;ARE2;AGA1;STE4;GTA1;GCN1;MSC6;AYT1;REA1;BXI1;YNL190W;MNE1;QCR2;TEL1;HHF2;FAB1;BNI1;PDR5;PEP1;NUM1;ARN1;FAR10;PSP2;SEC8;YBR284W;ENP2;HIP1;ECM29;VIP1;RPM2;CDC27;NNK1;LEU4;UBP3;RRP5;CDS_XV_970164_971457;MET31;PAN2;GSC2;SUR1;UBP15;PAN1;VPS29;YAR075W;CDS_II_29934_31226;KIP1;IST2;YBR096W;COS111;LDH1;PDB1;ROT2;MRPL27;SSK22;SRB8;RPN5;QRI7;MRK1;SLC1;BAP3;DBF4;PPH3;GCD6;MUS81;HLR1;FIT1;SUC2;MLP2;CCT2;RNR3;YIL032C;FAA3;YIL001W;TCA17;GLN3;AIM9;SWI4;COX15;OXA1;RGD2;YFL021C-A;GAT1;PES4;YFR054C;GUS1;SEC15;NCS6;TIP20;SGF73;YGL063C-A;PUS2;OCH1;JAC1;VMR1;YHR022C;NEL1;INM1;VMA22;KIC1;GRE3;SET1;YHR131C;WSS1;PRP8;FMO1;OYE2;YHR182W;SKN7;FLO5;GON7;GEA1;URA8;YMR1;UBA1;EAP1;ASH1;SLD2;YKL107W;MUD2;UBP11;YLR198C;LIP2;VPS34;BUD6;SGD1;DAK1;SPO20;YMR027W;STB2;GTO3;MID1;CAF120;LYP1;IST1;RAD50;RRG9;MER1;SSB2;SPC98;DMA2;RPS7B;YPT53;YNL011C;CTR9;WSC3;MDM20;NGL1;PLB3;TOP1;VHS3;SKI7;CDS_XV_704342_708361;CDS_XV_708339_709655;RPL33B;ABP140;HAP5;PIP2;HRR25;RTT10;YME1;BRR1;NCE102
P1E09	LEU3;YNL338W;ADE4;SEF1;GDI1;CYM1;BUD4;ACE2;YTA7;PSK1;YME1;YCR064C;COS7;POL3;USO1;TPS2;XBP1;SDS3;IES1;YFL012W-A;AIP5;SEH1;STT3;UFD1;PDC6;NAM8;DCD1;YJL047C-A;JSN1;NUP120;UGP1;TUL1;YLL065W;POM152;RTP1;RPD3;CSL4;RAP1;KAR1;YNL115C;ALG12;ABZ1;RPL25;COX10;EGD1;SWI1;AEP3;AXL1
P1E11	HIS1;HSP104;NAT4;GPB2;CCR4;AHC1;DGK1;ADE4;YBR225W;YBR284W;TRE1;COA4;ROM2;NAB3;PAN2;ADE2;SKS1;FAA3;LYS2;YSW1;MBA1;NGR1;ADP1;NPP1;MSH3;YDL094C;RPP1A;MED2;HST4;SBE2;SLN1;DCG1;RNR1;UBC6;PDR1;RNH70;TDA3;PTC7;PPX1;HUL4;POM33;IZH3;EMP70;CSC1;ERB1;FET4;VID27;RTC1;IRA2;CKB2;YOR062C;SSP2
P1F05	TRR1;HXK2;MAE1;MLP1;BPT1;YMR099C;MEC1;GCN1;ERC1;BDP1;PET9;SLY1;BET4;PRR1;REA1;TDA9;SIP3;CCW12;ADE4;SRF1;BNI1;ACE2;RPT1;FAR11;UTP20;IRA1;YOR296W;WHI2;CDS_XIV_97203_101165;PSY2;PAN1;SLX5;DNA2;INM1;UBP11;ADP1;TFC3;YAR069C;PSY4;YBL036C;YBR113W;PAF1;APM3;CTP1;COS2;EMC1;ILV6;LYS21;VAM6;VPS54;YDR061W;RSM24;YDR187C;ARO10;RPP2B;BNA7;PHO8;MCM10;TPM2;SGA1;YEL059W;JHD1;PDA1;YFL063W;GNA1;IOC3;ROK1;PMR1;SNT2;ENO1;CIC1;PAL2;YHR175W-A;DOA1;TOR2;PHD1;UFD4;ECM9;HBS1;CDC45;MSL5;YLR179C;HRD3;SPH1;ATG23;SST2;MDM1;TRM9;PFK2;SNO2;AAD14;IPI3;AAH1;NAF1;ATP23;FPK1;FRE7;PKH2;HST3;TCB1;RGA1;CPA1;MRS2;FRE5;UME1;TBF1;LGE1
P1F07	FCY22;ADE5,7;LEU3;YNL338W;YBR056W;GCN2;YPK2;FOL1;CCW12;ADE4;PIB1;ACE2;SEC8;WHI3;YAP6;IML2;GDE1;RGA2;TRA1;RET1;DCK1;AKR2;YFL021C-A;GAT1;PRX1;APN2;CHS2;YBR285W;YCR099C;NUR1;DOS2;TMA108;STH1;DJP1;YPS6;NPR2;IES5;RSP5;PHO4;CKB1;SKN1;RBG2;YHR180W-A;VTC4;FRE2;SBA1;GFA1;MSA2;SML1;TAP42;ERG29;COG6;VPS27;PPG1;CSS3;COQ10;VPS5;ELG1;RDS2;YPR063C
P1F08	TRS85;HSP104;LEU3;GTA1;YNL338W;AQR1;SED4;CCW12;ADE4;POL2;YLR278C;VIP1;ZWF1;TRS130;NOP8;RGA2;COT1;RPG1;BPH1;DHH1;SMC2;FIT1;YHR131C;ENO1;VPS5;OAF1;YBL081W;RIB1;YRO2;PFF1;YDL162C;SVF1;RPB7;YDR491C;TAO3;NUP157;YFL040W;RET2;YGL214W;SKI8;CWC23;ARC1;SWC4;SPR3;PCT1;RAD2;CDS_VIII_544610_548575;CDS_VIII_548556_549992;VTH2;CCT5;DIP2;YSH1;CTS1;SEC72;NUP2;STE23;SIR3;AIM32;CGI121;PET111;POP1;PEP12;LPL1;CYT1;GYP1;YOR271C;BUD7;YPL229W;ATP4;IRC15;YPR147C
P1F10	RTG3;RRD1;ADE6;HSP104;ERG11;DED1;MRD1;ACE2;GPB1;PRP4;JIP4;IMD4;KAP114;SNT2;PHO4;SVF1;SNF11;CDC37;CDS_IV_878449_882411;UPC2;AMD2;IRC3;UTP25;YEL034C-A;PRO3;YER023C-A;YCK3;YFL065C;ZNF1;MUP3;MED6;PAN3;AUR1;RSC4;IRS4;VPS51;RAD5;VTA1;NUP116;DCP2;END3;PPM2;APM4;DIS3;GAC1;SGV1;MMS1;YPR177C
P1F11	GTA1;YER158C;UTH1;YGR125W;FKS1;ADE4;CSE2;GLE1;STE7;ACE2;PRP5;CDC39;IRA1;PUF3;SRL4;PIM1;MRPL28;GSC2;DHH1;TRA1;SVF1;YAL065C;KAR4;NTH1;RPN2;YER046W-A;MON1;RRP3;TPO1;ART10;YML083C;USA1;SLA2;PFK27;SMF1;GET4;GSP2;YOR200W;MRM1;YPL222W;DPC25
P1G04	PWP2;VTC5;SEC7;GPI16;COY1;MAE1;ARE2;RPO21;AQR1;ISW2;DOP1;MLO50;REA1;FOL1;OMS1;MNS1;ADE4;STE5;NUM1;UBX5;MNN14;HUG1;EDE1;AKR1;HIP1;ZWF1;CDC24;TBS1;CHO2;INO1;UTP13;TRS130;TEL2;TMA22;IRC20;MET22;YEL025C;LOS1;ESP1;MCT1;UPS3;TRK1;SPE1;DNA2;DMA2;YBL036C;CTP1;ROK1;CDC45;UME1;VPS8;SAS3;NTH2;SMY2;GDT1;SLX1;FYV5;RRT12;THR4;CSM1;BRE4;CDC13;ENT1;RAD28;YOS9;MAK21;IPT1;MSH6;SPO71;APC4;SAN1;UME6;RAD9;SPR28;SIR4;CCC2;TIM11;YDR338C;YDR340W;VPS60;SSL2;MCM3;SNU13;YER148W-A;ACT1;BUD27;VAM7;SIP2;YGL036W;MSB2;YGR052W;PCP1;UTP8;LSO2;OKP1;ERV29;MIP6;HXT9;UTP10;TRL1;MPM1;LAS21;ILV3;YJR030C;LST4;YKL145W-A;DEF1;SPC42;MRPL20;SNF7;RCK2;YLR326W;ORC1;YML053C;STO1;YMR135W-A;INP2;SGS1;SCJ1;RSN1;GPI12;FKS3;IBD2;YNL095C;NST1;EFM6;SSK2;NBA1;SGO1;IAH1;THI80;PRE10;ENV7;NEW1;TPK2;YPL080C;RRP12;PDH1;CCL1;VMA13;BSP1
P1G05	WHI4;NUP159;RPO41;ADE6;MAE1;DYN1;BDF1;YLR454W;RKR1;ARE2;GLE2;DUR1,2;TOM1;ADE3;ESL2;DOM34;TFC8;PDR5;VMA1;STE7;ACE2;YMR206W;UBP1;SCC2;SER3;YPL247C;CDC27;RSB1;IQG1;YPL216W;UBR1;SLH1;HAL9;IML2;PSO2;PCF11;BPH1;YRB2;YAR075W;KIC1;CDS_XV_704342_708361;VID27;MCM10;YFL063W;HST3;OAF1;UTP25;APC4;RFA1;YBL062W;SKT5;RDH54;SHM1;CHK1;TAF2;YDL159C-B;MSH5;PMT1;NGG1;TRP4;PKH1;IRC4;APQ12;PDR11;BIM1;YER084W-A;YER085C;YER107W-A;FTR1;FET5;MCM6;TAF6;MIG1;LEU1;SNU71;CCM1;FYV8;TDA10;YHR095W;BIG1;TRR2;IKI1;YHR219W;CBP1;YJL199C;RPL17B;JJJ2;SMT1;MPS3;YJR087W;HIR3;OXP1;SKG1;PAU18;LDB18;RFU1;YLR173W;GRX8;CST9;AMD1;ISF1;SEG1;YIM1;DNF3;YMR221C;TOM70;APP1;EOS1;VAC7;MSO1;NOG2;AVO1;THP1;YOR019W;HIS3;BEM4;ATG11;ATG13
P1G08	SUM1;HSP104;TCB3;ADE4;DSL1;HHF2;ATM1;SNT1;SWI5;ARN1;ACE2;FPR3;ANT1;EDE1;YBR284W;GSC2;LCB2;PSY2;GAT1;RAD50;IRA2;MSH6;HIR3;R0020C;SUP45;HCM1;ILT1;MFB1;HSP78;ECM10;GPP2;PEA2;MIG2;SAE2;SPC105;SWE1;DAS1;TOK1;LOH1;CCT3;TOR1;YKR045C;YLR366W;PLB2;ROT1;LCB1;YNL337W;CRS1;TOP2;HPF1;ECM3;PTP2;SOG2;VTS1;NDD1;RPL33A;YPL142C;ORC4;HDA3
P1G09	SEC5;ADE6;YMR099C;GCV2;YPK9;YNL338W;DUR1,2;CSS1;BXI1;YNL190W;BUD3;CCW12;ADE4;BNI1;PHO23;ACE2;PMA2;YPR117W;TBS1;RRP5;IML2;VPS13;DOT6;IRA2;GNA1;MSA2;SVF1;CDC37;NTH1;FKS3;YBL100C;FUS3;PDR3;TAF5;MAL31;ADY3;CTA1;VAC8;SBH2;CEM1;YFL032W;PAU5;IRC5;INO80;TYW3;YGR016W;STE12;PHO90;NNT1;ECM38;ADE13;STV1;YMR193C-A;RNT1;LYS9;PHM7;PTC5;ULS1;BFR1;SRP68;RLM1;ARP7;RGC1;YPR204W
P1G10	HSP104;SMC4;LEU3;YNL338W;INP53;SWH1;FAS1;CCW12;ADE4;AXL2;RSC1;GDB1;FRT1;PMA2;SHM2;YOR296W;DPH6;UBA1;YNL011C;IRA2;YDR491C;ERV29;LDS1;GPI18;GCS1;NUP84;RRP8;YDR544C;PIG2;FLO11;FIR1;GIP2;CDC14;YGR219W;MAL12;SSP1;MNN5;PRY1;IDP2;YML020W;CTF13;RPL15B;MMT1;PHA2;CDC60
P1G11	ADE6;PTR2;HAP4;ADE4;STE5;PIR3;ADE8;YJL007C;MSS11;PWP1;DNA2;CCT2;SVF1;HXT9;DNF3;FUS3;ADE13;NBP2;STL1;GAL83;VHR2;CHD1;TIF4632;CTT1;YJL218W;MDH1;PEP3;MSC3;EST1;FBP1;SEC39;EIS1;AIP1
P1H11	YGL176C;ADE6;HSP104;UTH1;GPB2;ADE3;COP1;HHF2;PDR5;NAB2;YBT1;ACE2;MRX4;SCP160;PAN2;SCD5;CDS_X_198677_198997;KIP1;RTC1;BNA7;RBG2;SIR4;NST1;TAF5;BFR1;SNM1;CDS_IX_29415_30047;HIS5;UTR2;BCK2;YGL188C;LSG1;TAX4;ILV5;IKI3;BLS1;TUS1;AVO2;CUZ1;SNF2;TFB2;SEC23
P2B04	RTG3;TRR1;EMP24;ADE6;BPT1;LEU3;FKH2;ARE2;YOL036W;YLR339C;RPP0;BNI4;BDP1;SWH1;GDH2;PAC11;ADE3;FAS1;ESL2;DSS1;FOL1;APC1;BEM2;CCW12;HHF2;SSA3;EDS1;UBP2;APL3;SWI5;AXL2;RTF1;RSC1;RTS3;SLT2;CTK1;PUT3;YBT1;FRS1;ARC18;SRC1;EDE1;DTR1;CDC39;KAP123;ECM29;URA2;BCK1;HSP60;ARG81;CDS_XIII_357395_361357;WHI3;COA4;MRE11;IQG1;BNR1;LAS1;NAM7;RRP5;HAL9;FAS2;TAD1;GSC2;GRR1;RIM15;SET2;AME1;TAF12;AHA1;MYO2;VPS13;FRE1;PTA1;YEF3;GDS1;DBF20;VMA22;UBA1;SLD2;MER1;RTT10;USO1;RAP1;AXL1;SLN1;PDA1;YFL063W;TCB1;RSP5;GFA1;RAD2;LPL1;GYP1;PAN3;DCP2;APM4;SGV1;SAS3;MSH6;SPO71;FKS3;NEW1;TRP4;FYV8;TOM70;HSP78;PEA2;TOK1;TOR1;IRC5;INO80;MAL12;CHD1;TAX4;TUS1;AVO2;SPO7;YBL070C;AST1;STU1;COQ1;QDR3;TIP1;ECM8;SIF2;HSL7;YBR219C;YBR220C;DUG2;PBN1;GLK1;HIS4;YCR061W;TUP1;FIG2;GIT1;RDS1;GYP7;CDC53;YDL114W;UBX3;SUB2;FAD1;SES1;EHD3;RRG1;TMN2;MTC5;SEC1;STB3;RAV2;YDR203W;DON1;PRO1;NPL3;YDR433W;YHP1;AGE1;PAD1;SOA1;YIL092W;KTR7;CAB2;DFG10;SYG1;POL5;NPP2;PRP22;ZRG8;MOT2;ILV1;TRP2;GLO3;MOB2;YFL019C;GSY1;HXK1;PDE1;VID30;KIP3;AMS1;HUL5;TOS8;PYC1;CUL3;MUP1;SPT6;BUB1;CRH1;PMT6;HSV2;LSC2;TAF1;HXT4;GGA2;ERP5;ROF1;UTP9;LSM1;ESS1;YJR018W;IBA57;SRY1;SAC1;CNB1;AVT3;RAD27;AAT1;BCH2;HFL1;RIX7;SSK1;ADE16;FRE8;ZRT2;RFX1;HAP1;CDC25;CHS5;STP3;VPS36;SEN1;VMA6;FPR4;NAB6;COG8;RNA14;YTA12;FDO1;SPT21;ESC1;ABZ2;STB1;INN1;CPT1;IMP4;LST8;SOL1;NDJ1;GAL11;DNL4;TRE2;VPH1;PDR10;KRE5;CUB1;APL5;DDC1;PRM4;KAP120;KTR6;GRS2;LOA1;CDS_XVI_844691_845995;TIF3;AQY1
P2B05	EHT1;PWP2;TRS85;ADE6;NUP57;ASN2;CBF2;MNL2;STT4;FKH2;VPS17;YPK9;IMD1;CAF130;COG4;FLO9;VPS15;CDC55;UBR2;REA1;FKS1;FIG4;TEL1;SUP35;SNT1;NUM1;TRS120;DIG2;ARN1;AVT4;VTC3;FRT2;YCF1;ZWF1;YPR117W;SIZ1;NNK1;LEU4;YPR097W;TOS1;YJL027C;SOF1;FAS2;YMR317W;SNF6;SVL3;RGA2;VPS13;SRO77;GLT1;GYP8;ARP5;DNA2;PXA1;SKS1;YHR131C;MDM20;YME1;RTP1;EGD1;AEP3;PDA1;SNT2;HRD3;SPH1;FPK1;YBL081W;PCT1;CCT5;PRO3;YER023C-A;DCP2;YAL065C;UME6;HXT9;RSN1;FKS3;PDR11;OXP1;HSP78;DAS1;TOP2;INO80;PTC5;ULS1;MNN5;MMT1;SNF2;GIT1;GYP7;UBX3;SES1;ZRG8;SPT6;SEN1;DNL4;PDR10;SNC1;DEP1;SCO2;ADH5;CSH1;RSC6;TRX3;THI13;KIN28;AHK1;SIR2;YDL041W;NAT1;DIA3;NSI1;SHU2;ARO1;RKM2;XRS2;DXO1;PFA5;YDR523C;YDR543C;MNT3;HOM3;RGI1;YER067C-A;TMN3;CLG1;POX1;GTS1;NUP145;LST7;PIL1;YGR117C;NSR1;ERG1;RNR4;HUA1;YHL002C-A;HSE1;KEL1;YHR213W;YJL165C;LCB3;SET4;YHC3;MHO1;SSC1;MCH2;PXA2;YKL162C-A;YKL115C;YET1;VPS1;HEL1;YKR018C;TFA2;JLP1;GRC3;GPI13;PDC1;PDC5;NOP56;ECM22;GAS2;RSC2;ELO3;ECM7;TAF8;MTG1;YMR102C;TDA1;ALP1;NSG2;YDJ1;IMA2;TRM11;TGL5;RPO31;YOR131C;MCA1;MGM1;KIN4;CLP1;MCH5;PMT3;PRO2;SCP1;NUD1;AMF1;RDR1;RVB2;CET1;PPQ1;AIM44;KIP2;SEC16;CDS_XVI_439411_442725;CAM1;ISM1;AGC1;YPR092W;FHL1;RPN7;SKI3
P2B07	ADE5,7;HSP104;LEU3;YNR065C;GLE2;APC1;CCW12;PCH2;YOR296W;YMR317W;GDE1;RIM15;SET2;ARP5;SGF73;FLO5;URA8;AIP5;SLN1;TOR2;PKH2;STH1;CSS3;SVF1;MTC5;IBA57;KIN4;CDS_I_218557_219153;ECM2;YBR138C;RIF1;SPB1;STN1;DNF2;MRPL7;HKR1;GNP1;SDP1;GLY1;PTI1;REC107;YAE1;FMP25;MET17;NKP2;ASI1;ADD37;HFA1;CEF1;YHM2;RIT1;DAL82;SEC2;NMA111;CDS_XIV_519665_520969;SIN3
P2B08	SAC3;NUP57;GCR2;VPS41;NIC96;CCW12;MCM1;SPT2;CDS_XV_970164_971457;PAN2;GSC2;RAD30;EEB1;CDS_II_29934_31226;KIC1;LYP1;POL3;EMP70;YFL040W;SIP2;CST9;R0020C;STU1;MTC5;HUA1;FUN12;BNA4;YBR047W;PYC2;CDS_III_2824_3750;PAR32;YDL172C;SFA1;HDA2;ARO80;PEX29;PSP1;CDC4;RPL26B;COG2;YGR127W;RIM4;HXT1;YHR193C-A;MDM31;SMC3;YNK1;MCO12;GLG1;SPE4;TRM12;HXT2;MSN2;GAT2;YMR160W;NOP2;SIW14;ARK1;SMC5;ISN1;DSC3;YTM1;MIP1;CDS_XV_970164_971480;CIN1;DIM1;GAL4;YPL088W;RHO1
P2B09	HSP104;YNL338W;YIL055C;KIN2;CCW12;ILV2;HXT13;CWC22;ACE2;YMR206W;DTR1;ADE2;SPT15;GLT1;OXA1;PUS2;IRA2;VPS54;MDM1;CHS2;FKS3;MSH5;ERP5;DNL4;RKM2;YBL029W;RFC5;MCH1;SNX41;FPR2;CDS_IX_205638_206488;CDS_IX_205638_206487;SEC6;TIM44;URA3;SCC4;YRB30;CDC20;FHN1;RPA34;ARG2;GYP6;SYS1;RAV1;LIH1;MET5;SRP40;COF1;YMR187C;PDR16;YOL166W-A;OAZ1
P2B10	YLR454W;DSN1;ILV2;TRS120;SWI6;SEC8;SPT2;BZZ1;ASF2;SLD3;RIE1;RPG1;STR3;SKN7;DCG1;COG6;BUD27;STL1;AVO2;NPP2;RHO1;MRX3;YBL094C;PHO87;GRX6;YDR220C;HEM1;SNA2;YIL067C;SNP1;COG3;ZRT1;KEX1;YGL034C;YHR214W-A;OPT1;ACO2;YPK1;IOC2;YKU70;GPI15;NAT3
P2B11	PRP42;RPO41;RSC8;HXK2;ADE6;HSP104;RKR1;STE5;POL2;SLM1;IRA1;TBS1;SWC5;MDS3;TEL2;ATG2;YOR296W;YOR309C;NOP58;ELP2;REB1;GLT1;YBR096W;VMR1;AXL1;HRD3;APN2;YPL229W;LST4;SSK2;APQ12;EOS1;MOT2;COG8;ARO1;DNF2;RIT1;YAL037W;PTC6;GPD1;SED1;PAL1;VHS2;YIL127C;TUB2;SAP155;BNA6;SPG1;OCA5;PMT4;FLO10;BRE2;APC2;GCD7;BUL2;RPL18B;MET2;ATG4;HDA1;GAS4;MHF1;RPL3;OST3;TEA1;ICL2
P2C02	ALT2;TRR1;GIN4;ADE6;HSP104;SMC4;STE11;LEU3;ARE2;HMS1;GTA1;ECM32;NBP1;MRS6;ASN1;YBR056W;VPS15;DUR1,2;SAM2;BRR2;PHO81;MHP1;FAS1;ESL2;KIN2;POP2;MKK1;TEL1;CCW12;UBP2;STE7;TRS120;SLT2;SKG3;FAR10;YOL057W;VTC3;GDB1;PRP5;PPT1;LAA1;TGL3;ENB1;PDE2;CYC8;TBS1;INO1;UTP6;SPT16;UBR1;SLH1;ATG2;MMS4;ALR1;SCD5;YDR525W;MSS11;PET309;ALY2;YEF3;DNA2;CDS_X_198677_198997;ROT2;SSK22;NEL1;YHR131C;URA8;PDR1;IRA2;PSY4;APM3;EMC1;HBS1;HRD3;UTP25;MUP3;BRE4;SHM1;YJL199C;OXP1;ATG11;HCM1;MIG2;ECM38;PHM7;RRP8;PIG2;CTF13;CDS_IX_29415_30047;IKI3;YCR061W;TMN2;HXK1;PYC1;AVT3;SEN1;FPR4;AHK1;HSE1;GRC3;YMR102C;KIN4;HFA1;CEF1;YGR127W;GLG1;SPE4;MSN2;COG3;ACO2;FLO10;APC2;BUL2;PET112;CDS_II_221273_222595;CDS_II_221273_222577;CHS3;YBR071W;PHO3;YBR182C-A;YPC1;VHC1;PPS1;MRPL32;YCR049C;UFD2;YDL186W;NOP14;BPL1;EXP1;NSE4;TGL2;YDR112W;VPS74;FRQ1;LRS4;PMD1;CCA1;THI5;SWP82;YFL015W-A;MSH4;TOS3;YGL149W;NSA1;MAD1;PMA1;YPP1;SLI1;DIE2;RTT102;SFB3;YHR202W;MTC1;KHA1;MTR4;YJR079W;AIM24;JJJ3;ECM27;PXP2;YJR146W;PEX1;HSL1;MIF2;YKL053W;ASK1;PRI2;PTM1;UIP5;NUP133;PCK1;CSF1;ERG27;AVL9;YLR122C;SLX4;NMT1;YLR252W;DIC1;NMD4;DUS3;ECM30;RAD33;GID8;CEP3;VTI1;TPS3;BUL1;HXT14;CHS1;NCS2;POL1;YNR064C;RPL18A;NUP1;RAS1;LAS17;STE13;HRK1;TPO4;YOR289W;RAX1;YOR343C;REV1;HSP33;YPL277C;CUP9;MUK1;YPL039W;OPY2;CLB2
P2C04	WHI4;SAC3;SEC3;HIS1;ADE6;CPA2;YKL050C;STT4;STE11;GCV2;FKH2;YER158C;ECM32;DAN4;NOT3;BRR2;YJL150W;FAS1;YNL190W;UBP10;APC1;MYO5;FAB1;ILV2;PDR5;NUM1;PEX9;KRE33;GYP5;ANT1;SEC31;PDR15;SER3;OSH3;LAA1;URB1;YLR278C;YLR426W;DBP2;PMA2;YPR117W;SWC5;EPL1;CHO2;TRS130;SSM4;MDS3;IML1;YKL222C;GDE1;ATG20;TRA1;ABF2;ARP5;YLR419W;YIL032C;YIL001W;COX15;YHR182W;URA8;TPS2;UFD1;ADP1;PDR1;MDM1;AAD14;YBR285W;SKN1;COG6;GAC1;YML083C;BRE4;IPT1;BUD27;NST1;EFM6;IAH1;HSP78;HPF1;MAL31;PHM7;EIS1;SNF2;GLK1;SES1;YTA12;ESC1;PDR10;PIL1;NOP56;YOR131C;SKI3;ASI1;NMA111;RIM4;YNK1;GYP6;PTC6;GPD1;TEA1;MSH4;NMT1;ECM30;YAL067W-A;MAK16;LTE1;SSA1;ALG3;PIN4;SLA1;SMP1;PET18;RHB1;FEN2;TRM3;TMA17;KRS1;RAD55;YDR095C;PEX7;DIN7;CPR5;GPI8;CAD1;HSP31;KGD1;IRR1;IST3;YEL076C;YEL045C;THO1;YER066W;AIM10;COM2;RAD4;RAD3;SAP4;BOL2;HOS2;NUT1;ROG1;SCL1;BUD9;YGR122W;TIF4631;MSM1;SAY1;MRP4;YHI9;APE4;YJL206C;FAR1;BIT61;BFA1;STE6;MCD4;TGL1;STB6;TCD2;YKR032W;YLR030W;NGL3;FAR8;ARP9;RIM13;TCB2;MLF3;ACC1;PUL4;PRS5;VPS21;RPS7A;RTC5;MTR10;SRL1;YOR248W;YOR342C;YPL199C;YPL056C;SMA1;NTO1
P2C05	TDP1;SEC7;TRR1;RAD23;SPO74;VBA5;GAA1;YLR454W;ITT1;YNL034W;ARE2;MEC1;ISW2;MRS6;DUR1,2;GCN2;YGR266W;YJR154W;FAS1;SIS2;KIN2;REA1;YCK2;GUP2;NOP4;CMR3;COP1;KEG1;SSA3;YSP2;APL3;DLD2;ARX1;MRP20;GRX4;PIR3;SKI2;SEC8;ANT1;GDB1;TMA64;ADE8;VID28;PPT1;DBP2;GEP3;GPB1;MOT1;SYT1;UTP20;CYC8;MRE11;SWR1;GPI17;HOS4;MDS3;UBR1;RIE1;SLH1;PRY3;KAR2;YKL222C;YLR345W;SQS1;HAL9;TAT1;IML2;PSO2;PAH1;FLC3;UBP15;PTP3;TRA1;COS111;SUC2;MLP2;URA8;BUD6;MDM20;PIP2;AIP5;JSN1;RAP1;ERB1;CIC1;CPA1;CSS3;ELG1;USA1;IPT1;YDR340W;MCM3;RCK2;SGO1;RDH54;ADY3;STE12;PHM7;RRP8;AVO2;SES1;MTC5;GGA2;CHS5;SEN1;STB1;GAS2;MGM1;CAM1;ARO80;TEA1;KHA1;CSF1;LAS17;MDM10;MCM2;ECM31;FZO1;YBR223W-A;ERT1;ARE1;PEX19;DBP10;EKI1;ENT5;MSS116;ATO3;SXM1;SIP1;NIT1;QDR2;PRM5;MOB1;AIM21;SPF1;PIC2;TSC11;SNO3;AQY3;YGL193C;TPC1;TPO2;GUT1;RSC30;SPS100;ENO2;MNL1;SWI3;MDV1;GEF1;URB2;TPK3;FOX2;MET1;FPS1;VID22;SEI1;PUN1;CAR2;RPL6A;CMP2;STB4;MSS1;CLN1;ERG12;GAS3;RRN9;MRX6;ESBP6;MTQ1;PYP1;ESF2;MSH2;SPE2;LDS2;GAS5;SGT1;CKA2;YOR135C;IDH2;MSB1;ALD4;KEL3;NIP100;MLH3;RPL5;MCO76;HST2
P2C06	AAD3;SEC5;CDS_IV_871902_873218;CDS_IV_871902_873194;SUM1;TRR1;HXK2;HFM1;ADE6;CPA2;NNR2;DYN1;VBA5;HSP104;LEU3;VPS17;MET6;SRS2;GPB2;DUR1,2;MYO1;SSF1;TOM71;FAS1;REA1;COP1;CBK1;YBP1;YDL109C;YGL140C;CWC22;ECM29;LAA1;URA2;RPT1;ARP8;GPB1;TRE1;TBS1;GPM2;GTR2;SWR1;UBR1;RRP5;CUE3;YLR466C-B;YMR317W;RPA49;YMR173W-A;ELP2;VPS13;ENT4;APL4;DHH1;STR3;ROD1;VMR1;NEL1;SGD1;RTC1;IRA2;JHD1;PFK2;SNF11;YFL065C;SGV1;SNF7;NGG1;PKH1;NDD1;ECM38;YDR544C;MMT1;PAD1;PRP22;GSY1;RNA14;KIN28;LCB3;SEC16;ASI1;MSN2;NOP2;CDC20;ACO2;IOC2;GPI15;ASK1;NUP133;ECM30;NUP1;LAS17;STE13;HRK1;TRM3;AQY3;MOH1;GRS1;YBR121C-A;UBX7;RVB1;REF2;RVS167;DFM1;PPN1;CWC21;YDR537C;CYC7;PHM8;SAK1;BUD13;AIM14;YGR025W;GTO1;GPI1;CBP2;PHO12;MNN4;GEX2;MLH2;RIC1;YLR112W;ATR1;NTE1;CCS1;NUP53;DDR48;ERG8;TAF7;FCP1;PEX6;PIK1;ALG9;DUG3;YOR024W;YOR034C-A;HIR2;YOR192C-C;AIM45;YPR099C
P2C10	ADE5,7;HSP104;SMC4;LEU3;RKR1;FDH1;KSP1;BOI2;FAS1;YOR093C;CCW12;HHF2;CYR1;RTS3;VTC3;SLM1;NTG1;GDE1;PAN1;RET1;SLS1;PDB1;EMC1;PFF1;NUP157;PDR11;BFR1;YDR544C;GIP2;YML020W;CTT1;IKI3;TUP1;FIG2;GYP7;TRE2;MCH1;COG3;BPL1;MUK1;RAD3;FAR8;MSH2;PPN1;ALK2;MRPS9;YBR238C;YDL206W;YET3;NEO1;PCM1;YFL067W;CDS_VII_818060_822022;THR1;NDT80;YHR140W;YJL163C;TDH1;NUP192;KCH1;AIM25;ADD66;APL2;CLB4;ZDS2;FET3;YTP1;LEO1;FRK1;CIP1;YPR003C;PUF2;YPR170C
P2C11	ADE5,7;SAS10;YDR239C;MAL11;NUP188;HHF2;STE5;PHO23;UBP13;SCC2;ILS1;SHM2;SWR1;MDS3;GDE1;TAF12;SLC1;TUL1;TOR2;FRE5;APM4;VHR2;PYC1;TAF1;CLG1;YAL037W;PTC6;BOL2;REF2;TPD3;AAR2;IAI11;MNN2;PDI1;HO;GET3;SND1;SUR2;HXT3;YPT32;ARO2;YGR290W;EFM1;SNA3;OST1;TRP3;DCW1;YLR108C;YLR283W;YLR460C;YMD8;HOT1;PEP5;SPP2;YOR385W
P2D03	AAD3;PRP42;RSC8;ADE6;GPI16;STE11;LEU3;MSF1;GTT3;ICL1;SRS2;DAN4;UTH1;AQR1;BRR2;CCH1;FAS1;ESL2;REA1;RRN5;DOG2;BNI1;PEP1;YBR225W;LDB17;BUD4;SRC1;SIA1;EBS1;SSN2;SPS2;SPT2;TWF1;LAA1;YLR278C;YBR053C;TBS1;MSN5;SHM2;TRS130;NVJ2;DAL81;MDS3;SLH1;RPF1;SCP160;CHA4;EPO1;YNR021W;PRP16;PAH1;GDE1;MSS11;YDR514C;SMC1;FRE1;BPH1;HBT1;ATG1;TRA1;GUF1;YPR148C;DNA2;COS111;MLP2;SGD1;COS7;IES1;KAR1;LYS2;EMP70;BNA7;CIC1;HRD3;FRE2;CWC23;YSH1;YOS9;TAF2;HIR3;TOP2;RPL33A;YPL142C;HDA3;PDR3;YGR016W;ULS1;BCK2;TUS1;TUP1;SUB2;PRO1;VID30;HXT4;TMN3;NUP145;RVB2;FHL1;SKI3;CDS_XIV_519665_520969;SIN3;RFC5;YIL067C;ACO2;OCA5;TEA1;KHA1;CSF1;SLX4;NUT1;YOR342C;SWI3;SGT1;NTE1;PCM1;YMD8;CYC3;NCL1;ACH1;RAD16;MET8;MCX1;MAL32;ATG22;GFD2;MAK32;RDI1;YDL129W;ARP10;YDR124W;HTB1;LYS4;PEX10;RNH202;ARH1;DAL4;FCY2;ARG5,6;SSA4;YFL013W-A;YPS5;RPL11B;YGR130C;ECL1;PSD2;ZUO1;YHL008C;GPA1;ERG9;NUC1;MCO6;TAH11;BIR1;FAT3;NUP100;BAS1;ISA1;AAT2;CKI1;YLR236C;KAP95;ALD2;YMR194C-A;DML1;PRC1;NIP1;EMW1;RIM21;BSC4;PDR17;YNL144C;YNL092W;BSC5;BRX1;RRP6;SHE4;YVC1;HES1;PLC1;TGS1;KES1;ELP3;YPR015C;SRO7;YPR064W
P2D06	EHT1;WHI4;CSE1;ADE6;MLP1;NAT4;ARE2;STE4;NPL4;GCN1;YGL072C;SRS2;ASN1;DUR1,2;ADR1;CCH1;MYO1;FAS1;ESL2;YLR162W-A;GCV1;SUP35;YSP2;BNI1;TRS120;SKI2;DAT1;TOF1;POL2;DRS2;LAA1;RGR1;KAR5;TRE1;SYT1;YPR117W;ETR1;NRG2;DAL81;UBR1;CHA4;FMS1;NOC2;TYE7;FAS2;GET2;SIN4;ESP1;YMR173W-A;ALY2;FUS2;KRE1;ENT2;ROT2;CCT2;AIM9;SWI4;PRP8;ASH1;SGD1;STB2;USO1;COX10;NGR1;VPS54;PHO8;PDA1;SST2;UME1;YBR285W;DIP2;YSH1;SIR3;SLA2;GDT1;RRT12;YOS9;SAN1;TRL1;FYV8;PDR3;SSP1;CTF13;ILV5;STU1;MTC5;BCH2;NAB6;ESC1;ADH5;TMN3;PYC2;CIN1;RPL18B;VHC1;MTR4;ECM27;CSF1;AVL9;TPS3;SLA1;KRS1;TCB2;ERT1;SIP1;CLN1;MNN4;DDR48;ZDS2;FET3;PDI1;TRP3;YLR108C;NIP1;RIM21;BDH1;CDC19;YAR066W;YPK3;MGR1;SYP1;LRG1;YDR034W-B;ARO3;URC2;YDR521W;FDC1;MET18;YEN1;SNZ3;ECO1;RTG2;TPN1;RAD54;AFT1;VHT1;ROM1;YGR079W;BTN2;SER2;YGR237C;YAP1802;DOG1;LRP1;COX23;SPO12;GSM1;MRPL8;NTA1;STR2;MRPL38;YKL169C;SPT23;YLL066W-B;MHT1;KNS1;MID2;VPS33;CRN1;YML082W;POB3;CAT2;UNG1;GLO1;PGM2;TIF34;CLA4;YNL134C;LRO1;NRM1;THI20;PET127;RPB2;TKL1;KAR3;URN1
P2D08	HXK2;DYN1;ATG40;GCN1;CAF130;UTH1;SLY1;DSF1;NUP188;ADE4;URA2;HFD1;PDE2;GDE1;PUF4;SLD2;PAF1;YHR219W;PIG2;MNN5;AVO2;AHK1;YKR018C;RAV1;SMA1;SGT1;PEX6;EMW1;RPB2;FUN14;TOD6;MED8;PSA1;YDR131C;PRP3;YIA6;VAB2;MAG1;YCK1;OPI3;YLR036C;PUS5;SPT5;YMR046W-A;PDS5;DSC2;GSH2;CMK2;CSI2
P2D11	HIS1;ADE5,7;ECM32;VPS15;NUP188;ADE4;DSL1;CDC39;PPT1;MBR1;MSN5;UBP3;MDS3;NFT1;GDS1;MRK1;TUL1;SMF1;BRE4;NEW1;TOR1;CRS1;INO80;TIF4632;HIS4;SES1;ADE16;NAB6;NMA111;PTC6;PMA1;TPS3;SSA1;NIP100;ZUO1;TGS1;SRO7;MIS1;TAH1;PRM7;FIN1;RGP1;CDC1;HXT6;CIN10;DOT1;AIM20;INP51;RTT105;YFR018C;HIS2;ERJ5;UTP22;THI4;NCP1;SMF2;SNU114;YKL068W-A;RPL8B;YLL044W;CDS_XII_112848_115994;SFP1;YLR416C;SMA2;SUB1;NPR1;RIA1;MSG5;YOL107W;ATX2;SFL1;RDL1;ALG5;PEP4
P2E06	TRR1;HIS1;YFR036W-A;RSC8;ADE5,7;MIC26;RSF2;COY1;DYN1;HSP104;AGA1;YPK9;PAT1;SLM2;RGD1;KIN2;REA1;YOR093C;NOP4;NUP188;YSP2;BNI1;ATF1;PEP1;STE7;XRN1;KRE33;SEC8;FRT2;SSD1;SPS2;PPT1;VIP1;LAP2;YPR157W;AIM2;IRA1;PUF3;IQG1;NAM7;YLR466C-B;COS1;BPH1;YLL054C;FUS2;YLR419W;VMR1;PRP8;ABP140;EMP70;IRA2;PHD1;DCP2;MMS1;TAF6;YJR087W;ISF1;PAU5;RNT1;AIP1;SES1;NUP145;LCB3;MHO1;TAF8;PYC2;ARO80;IOC2;PTC6;VHC1;NOP14;MAD1;PEX1;ECM30;POL1;KRS1;FAR1;CMP2;GSM1;SPT5;RGP1;CNE1;CDC15;FUI1;SLI15;YBR184W;ISW1;SSH1;GRX3;ARG82;YDR344C;UGO1;YIL020C-A;PRB1;SLO1;COS4;YGL242C;RIM8;ART5;CDS_VIII_85904_86989;OSH7;HTD2;LSM12;SPC97;GND1;NVJ1;IMD2;CDS_X_197914_198594;YKL223W;YKL069W;DBP7;YLL059C;REX3;SRN2;YLR202C;SYM1;YLR465C;YRF1-4;YMR226C;SEC21;WSC2;LAP3;RPS3;HOL1;YNR075C-A;MRN1;RAD53;HTS1;HOS1;NOT5;YPR142C;YPR159C-A
P2E08	SUM1;CDC55;FAS1;ADE4;OPT2;UBP7;YGL140C;DPB11;MRE11;SWR1;TPO5;BER1;SMC2;YLR419W;SUC2;OXA1;UGP1;NPP1;RGA1;NUR1;NBA1;YNL337W;CDC60;RSC2;HKR1;ARO80;ISN1;RAV1;CSF1;YOR343C;HOS2;CLN1;MLH3;NUP53;MAK32;SPT23;YBR184W;CTO1;YIL108W;EGH1;MIT1;ACA1;PEX8;AZR1;YHR032W-A;YHR032C-A;SAE3;YJL107C;VPS70;MRPL31;YMR153C-A;CPR8;BUB3;YOR282W;POS5;MRPL40;YPR087W;SRP54
P2E11	ADE6;STE11;ATG40;MKC7;KAP122;ADE3;YGR266W;FAS1;TDA9;GIP3;GDI1;CDC39;FLO1;TBS1;BMT6;IML2;MSH1;ARP5;YPR148C;AKR2;SRB8;BRR1;MDM1;SLA2;TPK2;TOK1;SEC39;TAX4;SUB2;ELO3;SRP40;PTM1;SXM1;AQY3;IDH2;CBP2;VPS70;FUN26;TKL2;CIT2;RSA4;GAL3;VHS1;THS1;MET13;ERG25;INA1;GTR1;UTP14;FAR3;PDL32;RAS2;HMI1;TAT2;STD1;RPT5;TEF1
P2F02	NUP170;SYO1;TRR1;NUP159;HFM1;EMP24;DYN1;MLP1;CUE5;FUN30;MEC1;RPO21;PTR2;INP53;PET9;ADE3;CCH1;ESL2;REA1;DOM34;SED4;CYR1;ACF2;RPA190;GYP5;SSD1;ADE8;YAP1;GPB1;PMA2;INO1;IFH1;LEU4;YPL216W;SWR1;PAU2;SLH1;NHA1;RRP5;ATG2;SQS1;SRL4;TAT1;TAD1;ALR1;NMD2;MYO2;SPT15;SRO77;KAP114;LAM6;ASH1;POM152;SBE2;CSC1;PAF1;APM3;VPS54;PDA1;ATG23;ARC1;GYP1;SLA2;MRM1;ACT1;YJR030C;PRE10;VMA13;PMT1;YLR173W;AVO1;ADY3;EIS1;BCK2;HSL7;AMS1;UTP9;HAP1;ESC1;YGR117C;HFA1;RIT1;ARO80;PEX29;NOP2;YMR187C;PTC6;PHO3;NUP1;RAS1;TRM3;KRS1;RAD55;KGD1;YEL045C;AIM10;RAD3;MSB1;PPN1;MNN4;HIR2;NUP192;ARP10;ARG5,6;POB3;RPB2;ISW1;RSA4;THS1;YAL064W-B;BRN1;IPP1;KCC4;YCL022C;YDL158C;CLB3;ATG9;VCX1;MCD1;DPB4;HPR1;TCP1;EXG2;RRP17;YDR413C;LPP1;REV7;SAP1;AVT6;YER121W;YER147C-A;PAB1;TMT1;YPT1;NIF3;YGL081W;ASK10;PEX4;YGR164W;KEL2;IMA1;MAL13;ERG7;GEP4;ALB1;CHS6;IKS1;CCT8;OSM1;SGM1;EMC3;KKQ8;MSN4;RGT1;MMP1;IRC19;UPS2;PRE8;IOC4;HSC82;HAS1;MDJ2;CAF40;KEX2;CYB5;POR1;YNL046W;BRE5;SKM1;YPQ1;DUF1;YOR041C;RAT1;YNG1;KTR1;PNS1;MOD5;RPL21B;GCR1;HAA1;ATH1;MRI1
P2F07	HSP104;YLR454W;YER158C;UTH1;VPS15;FAS1;BEM2;PIR3;ECM29;RGR1;MMS22;IRA1;ADE2;RAD30;HER1;REB1;ALY2;VMR1;CTP1;DOS2;UTP8;HIR3;DAS1;ROT1;EIS1;UTR2;TUS1;COQ1;ROF1;HOM3;RAD3;FAR1;SEC17;TPS1;CWH43;DPL1;GEA2;VTC2;YGL258W-A;YGL204C;PBS2;CHM7;MOG1;TTI1;SPG5;MPD2;GLN4;FIT2;PGC1;MFM1
P2F09	NUP170;ADE5,7;ASN2;STE11;TEL1;UBP12;CHC1;YBT1;PSP2;MYO4;HSP60;CDS_XIII_357395_361357;YTA7;RPT3;DAL81;YJL007C;IML1;ROM2;PCF11;PUF4;SLS1;MSC1;PIP2;IRA2;HRD3;MDM1;MED6;IBD2;PDR3;ADY3;NUP84;YDR544C;YML020W;CTF13;SIF2;HEL1;GLY1;OAZ1;ZRT1;SAP155;DIE2;CHS1;MUK1;TDH1;ARP10;ASK10;RGT1;PKC1;HEK2;MFG1;PPH22;KIN1;THI74;POT1;SEC24;SPO22;ULP2;YGL014C-A;YGR026W;NNF2;YHL012W;ARD1;YHK8;JEM1;NSP1;SUI2;MDE1;KAE1;YLR149C;YLR154C-H;DBP9;GSF2;TVP18;SNZ1;FSH2;HOS3;ARO7;MRL1
P2F11	HSP104;SMC6;YLR454W;ISW2;PCA1;YGL138C;PIB2;AUS1;ADE4;CYR1;SWI6;BFR2;SLM1;AAP1;ARG81;GAD1;IRA1;NSE5;DNA2;DMA2;PDC6;RTC1;ARC1;USA1;ERV29;SWE1;STE12;MTC5;NMA111;ARO80;DIC1;GPI1;LEO1;YGR237C;LRP1;YKL223W;RGT1;ATP1;YCG1;YIL024C;UBC8;FAR7;PRE9;XKS1;RTA1;YGR265W;YHR028W-A;MTG2;YJL068C;JEN1;YLR400W;DUS1;SDD2;MME1;DFG5;APJ1;BIO3;MCH4;ERP4;DFG16;SER1
P2G04	ACK1;BRE1;HIS1;ADE6;MLP1;HSP104;STE11;YLR454W;FKH2;YOL036W;YER158C;ECM32;CAF130;SRS2;TOM1;ADE3;SFH5;PAU16;UBR2;REA1;MYO5;ECM16;SLK19;XYL2;ILV2;ATF1;SWI5;HXT13;CHC1;PUT3;RPO26;YDL199C;CDS_IV_720860_721270;VID28;PPT1;LAA1;ZWF1;SNF12;TBS1;YTA7;LAM1;TRS130;DAL81;MDS3;UBR1;FMS1;TCO89;VBA4;PSO2;YMR173W-A;YGR210C;SIP5;SVL3;TRK1;GDS1;AKR2;SRB8;GUS1;PRP8;MDM20;IRA2;PMR1;PHD1;CDC45;HRD3;PHO4;CTS1;DCP2;CDC13;MAK21;SPO71;MSB2;NEW1;LEU1;ECM3;ORC4;STE12;PIG2;FLO11;MNN5;PRP22;MOT2;VID30;PMT6;TAF1;ERP5;CHS5;FDO1;SPT21;GAL11;DNL4;ARO1;HOM3;MET17;MIP1;CDC20;CDS_II_221273_222577;UFD2;PMD1;SMP1;STB6;MSB1;NIP100;SAK1;DDR48;HIR2;NUP192;BTN2;CDS_XII_112848_115994;MRN1;IMA1;ERG7;IOC4;SEC24;ADE1;GAL10;RPL4A;YBR090C;IML3;RIB7;AGP1;PST2;CDC34;CBS2;YDR250C;CIA1;RQC1;YIL047C-A;DOT5;DAL2;SRB4;ALD5;GCN20;PCL10;COQ8;KXD1;HNM1;PKP2;TIM21;DBF2;RPS23A;MTR3;TDH3;COQ6;NPR3;MSR1;ARP1;SSY5;PTK2;YSR3;KTR2;CLF1;PEX13;CRR1;GSY2;NIT3;BUD8;CCW14;CDS_XII_942021_943313;HOF1;CDS_XIII_373093_377055;RRB1;EGT2;CNM67;SLZ1;YNL018C;FRE4;HXT11;MDH2;RTG1;UFE1;SLP1;DCI1;LIP5;RFC1;CIR2;FRE3;MCM4
P2G05	HIS1;ADE5,7;ADE6;STE11;FKH2;SAS10;ICL1;GCN1;HSF1;DAN4;UTH1;PTR2;ADR1;CDC55;YGR266W;ESL2;FKS1;POP2;NIC96;DOG2;SWI5;YKT6;CRZ1;GDB1;YBR284W;RPP1B;YCF1;PDR15;VPS3;VID28;YAP1;SNF12;MOT1;DPB2;TBS1;SIZ1;BMT6;NOP8;IQG1;SWR1;UBP3;RIE1;YKL225W;TPO5;ALR1;AME1;PSY2;RAD30;DPH6;PTP3;PEX30;FUS2;EEB1;DBF20;IST2;YIL032C;YHR131C;POL3;LYS2;YSW1;PDR1;APM3;PMR1;CIC1;TMA108;FRE2;MSA2;TAO3;NUP2;GYP1;IRC3;CSM1;BRE4;ENT1;YOS9;IPT1;UTP10;MRPL20;YER084W-A;YER085C;VAC8;STE12;MMT1;TUP1;CDC53;SES1;ZRG8;MUP1;ADE16;ABZ2;ARO1;YGR117C;YJL165C;ECM22;IMA2;SEC16;FHL1;HKR1;MET17;MRX3;YPK1;ATG4;PMD1;NSA1;YHR202W;REV1;KRS1;RAD4;BOL2;RRN9;IDH2;SAK1;HO;GET3;YPT32;YNL144C;VHT1;YGR079W;VPS33;VAB2;CDC15;YIL020C-A;MRN1;TKL2;GEA2;ARO7;CLF1;SPC72;MIX23;YBL086C;PRE7;SSE2;YBR196C-A;DER1;YCR102C;NRP1;RGT2;PHO2;SLM3;CDS_IV_513497_517516;HSP42;HEL2;HNT2;PEP7;YPQ2;STP1;PRK1;YEF1;YER187W;DAK2;LAM5;RPL22B;LPD1;RAI1;DPC29;TFC4;YGR107W;YHR033W;FSH1;YPT35;CTM1;APS3;BBC1;APL1;RPS4A;MST1;PIR1;OAR1;TOF2;SDH2;XDJ1;SUL2;NYV1;YPS3;MEC3;YML122C;NDI1;RAD52;TAF4;RCH1;YMR084W;CIK1;FAA4;TEX1;YNL195C;RLP7;SEC12;TMA46;SPP1;DSS4;SMK1
P2G08	SEC7;ADE5,7;RPO21;YGR266W;YNL190W;CCW12;NUP188;MYO5;SEF1;HMG1;LCP5;MNN14;SCC2;ESL1;ARG81;GPM2;YOR296W;TOG1;GDE1;SUR1;MCT1;ADE2;DOT6;IST2;RNR3;NCS6;FLO5;RAD50;ILV6;NUP157;IRC15;MCM6;TOP2;FLO11;TUP1;NAB6;TAF8;CDS_IX_205638_206488;CDS_IX_205638_206487;YKU70;MNN2;RTG2;YAP1802;YLL066W-B;SPT5;KIN1;YHK8;SRD1;PUS9;KCS1;MRH1;YPR1;MAK10;AFG1;PAC2;BLM10;ALK1;CLD1;YJR157W;YPT52;YLR225C;YCS4;SWC7;YML108W;YML079W;SFB2;YNR029C;HRD1;CRC1;BRO1
P2G09	VTC5;HXK2;MGA1;MLP1;HSP104;MEC1;YNL338W;INP53;VPS15;ADE3;AHC1;SMF3;CCW12;ARX1;UBP7;POL2;HSP60;EPL1;HNT3;MDS3;NFT1;CDS_XV_970164_971457;LCB2;RGA2;BPH1;FUB1;MRP13;PNT1;NMD5;SUC2;GAT1;YSW1;SLN1;TMA108;OAF1;SGV1;RRP3;SPO71;GPI12;CCM1;YMR221C;HPF1;YDR544C;TUS1;GYP7;TRP2;KTR6;GLY1;CDS_XV_970164_971480;ZRT1;PTC6;MSH4;SMP1;TMA17;KGD1;MCO76;RVS167;ALD2;PRC1;MMP1;DUS1;DAK2;TEX1;YBL108W;SEC18;YBR300C;PRR2;SHR3;PDC2;HPM1;YGL177W;LSB1;YGR137W;ZPR1;YLF2;ZAP1;PET191;SPO14;YKR041W;NRD1;MKS1;YNL058C;PCL8;MRX11
P2G10	HIS1;ADE5,7;CDC16;YIL055C;CDC55;BUD3;CYR1;GLE1;NUM1;PDR15;CDC24;YHR217C;GSC2;PUF4;SET2;FLC3;ELP2;GLT1;TRK1;GAT1;UBP11;SPC98;YME1;DCD1;ERB1;HRD3;GFA1;SLA2;SIR4;HDA3;GIT1;ZRG8;MOB2;ZRT2;NUP145;AIM44;SKI3;YBR138C;KHA1;RSC30;GPI1;HXT3;NCL1;TGS1;SPC97;KCC4;YPQ1;HAA1;PRS4;HIR1;ABD1;GID7;SRO9;GIC2;STE2;YGL159W;RAD7;STE24;ENT3;MCR1;RPL14A;RCE1;PBR1;BNI5;RCF2;USV1;SPC29;SPO24
P2G11	CDS_IX_19847_21220;RNQ1;SWH1;BOI2;ADE3;SSA3;FAB1;SNT1;YCF1;STE18;ATG42;SIZ1;PUF3;RIE1;RRP5;DOT6;GTO3;TPS2;PDA1;HRD3;SWE1;YTA12;PDR10;ZRT1;PMD1;VID22;MCO76;YPT32;PUS9;GIC2;MSS2;UBC1;ECM11;EMP65;DDI2;MTL1;GAR1;ARO9;SPT10;CCT7;YJR056C;BNA2;IME1;YML047W-A;PRM6;SSE1
P3B07	ADE5,7;RSF2;YKL050C;YOL075C;PDR12;RPO21;MET6;HSF1;YNL338W;TFB1;REA1;CCW12;MON2;GIP3;CHC1;KRI1;BZZ1;MOT1;PRP4;SPA2;TMA22;TAT1;NMD2;MYO2;DHH1;ATG1;SMC2;FRE7;TCB1;FRE5;YPR177C;UTP10;RDH54;CBP1;NOG2;YOR019W;R0020C;ADY3;SEC23;NPP2;AMS1;SPT21;AHK1;NAT1;VPS1;GPI13;GAL4;HEM1;OCA5;NUP133;ACC1;YHR032W-A;KEX2;PEP7;SMK1;PDC2;HPM1;PCL8;FTH1;YPD1;SEC20;SLF1;ARB1;GLC7;SMX2;RSM23;SCY1;SMI1;CDC12;FUR1;HXT8;HCA4;SPT8;SEC10;OST6;VNX1;YGP1;FAP1;GRE2;GLO4;FAA1
P3B08	RSF2;MEC1;RPO21;YOR389W;YTA6;BNR1;YHR217C;NAM7;LOS1;NMD2;GLN3;CAF120;IRA2;YPS6;YGL214W;SKI8;RAD5;CCC2;ERV29;YHR219W;R0020C;LCB1;STE12;YPR204W;AIP1;HAP1;MSN2;PHO87;ATG4;ROG1;ALG9;ELP3;YLL066W-B;CRN1;YRF1-4;PNS1;YCR102C;GEM1;ITR1;MND2;SIT1;YFL068W;PFK1;HXT5;YKR015C;VRP1;YLR338W;THO2;COG5;RCL1
P3B10	ASN2;CBF2;SRS2;MKC7;YDR239C;SEF1;ATF1;ACE2;POL2;VTC3;ANT1;BCK1;REV3;IRA1;MDS3;SLH1;TOG1;ADE2;MYO2;ZDS1;YIL001W;TDA3;SVF1;YNL095C;NEW1;R0020C;VAC8;FLO11;AMS1;PPQ1;URA3;PCK1;YLR030W;MTR10;PHO12;YFL067W;FRK1;HO;BAS1;YGR237C;YFR018C;YHR032W-A;RAS2;AGP2;ELO2;YCR095W-A;TIM22;SIM1;YFL066C;YFR012W-A;SCM4;GZF3;ACF4;YLL067C;RTT109;SPO77;EAR1;ATP11;INP54;MDM38;NOB1;DAP1;ISU1
P3B11	RRD1;ADE6;HSP104;MTH1;UTH1;MOT3;CDC48;UBP10;BUD3;OMS1;KAP104;HMG1;PDR5;VMA1;KRI1;FUR4;OSH3;VIP1;YAP1;YTA7;PIM1;RTT103;YDL180W;DOT6;DNA2;KIC1;ABP140;ADP1;SSP2;POP1;YOS9;ADY3;GYP7;BCH2;RFX1;LCB3;SNX41;YPK1;ICL2;URB2;CKA2;HO;ACH1;MCX1;YLL066W-B;YPR087W;SRP54;MET13;SSY5;SRD1;PDC2;SPO14;GIP4;MUD1;RAD18;NPC2;ARP2;PLP1;YDR426C;IMP2';CHO1;NMA2;YHR069C-A;TRM5;CDC23;UTR1;YKR040C;RNP1;DPS1;SND2;YLR342W-A;YLR415C;TRM732;RHO5;MRPL22;MSE1;BEM3;ELP4;NOG1;SDD4
P3C03	PWP2;WHI4;YDL124W;TRR1;RPN3;ADE6;CBF2;CWP1;HSP104;FKH2;MET6;SRS2;DAN4;INP53;FLO9;SBE22;MHP1;REA1;FKS1;RTS1;YOR093C;CCW12;ADE4;MON2;HMT1;YBR225W;NUM1;TRS120;YML037C;DYN3;MSB4;HRQ1;RPT1;MMS22;RPM2;YPR117W;SIZ1;NFT1;NHA1;RKM3;GRR1;GDE1;YMR173W-A;FLC3;SUN4;COQ2;HER1;REB1;PEX3;STF2;SLX5;DNA2;YNL208W;CDS_II_29934_31226;FMO1;OYE2;GTO3;USO1;MBA1;ATG23;PKH2;RAD2;RAD5;RPN2;SGS1;FKS3;NEW1;TPK2;SHM1;HIR3;OXP1;DNF3;VAC7;TAF5;VAC8;STE12;RGC1;FLO11;CTF13;MSC3;TAX4;GYP7;EHD3;GGA2;SEN1;NAB6;YTA12;ESC1;TRE2;KTR6;LCB3;RSC2;AGC1;SIN3;PYC2;YMR160W;SMC5;ARG2;SNP1;SAP155;APC2;YDL186W;RAD3;DBP10;AIM21;SWI3;AIM45;YBR238C;RAD16;BSC5;SSH1;IMD2;PEX8;RAS2;RGT1;ATH1;TPS1;GEA2;MFM1;MDH2;YPQ2;SUL2;SFB2;ZPR1;CSG2;PGS1;YCR051W;ABP1;AIM6;YDL187C;YDL151C;RPC53;MBP1;RPN9;RGI2;SNL1;YAP5;RMD6;YEL067C;HPA3;GPA2;YER152C;GPG1;PRM8;PUP2;AIM17;EXO70;ANB1;GMH1;TML25;ACS2;YLR269C;IMH1;TMA10;TUB1;RCO1;YMR085W;BOR1;YNL143C;SMM1;RFC4;TIR4;MSA1;MED4;RUD3;GNT1;YOR338W;YPL113C;YPR089W
P3C04	SAC3;ADE6;COY1;STE11;MTH1;MRPL35;GTA1;YIL055C;YHB1;MAL11;ERG11;ESL2;SFI1;KIN2;REA1;UBP10;NUP188;SSA3;BNI1;PDR5;ECM21;XRN1;MNN14;SCC2;SPT2;ECM29;LAA1;MBR1;VIP1;ARP8;GPB1;ILS1;YTA7;TOS1;HOS4;UBP3;FMS1;CHL1;PIM1;JIP4;GPR1;RIM15;HER1;DET1;MSH1;PWP1;YDL180W;YNL208W;COS111;YFR054C;CAF120;LYP1;ADP1;PDR1;IRA2;UFD4;YPS6;PHO4;VTA1;GAC1;UME6;HXT9;INP2;SEG1;HPF1;STE12;HIS4;RDS1;ZRG8;MUP1;ARO1;KEL1;LCB3;RIF1;MET17;SMC5;CDS_IX_205638_206488;CDS_IX_205638_206487;ACC1;PUL4;NEO1;BIR1;URC2;PGM2;SPT5;DOT1;OSM1;BRE5;PKC1;MRL1;NPR3;GSY2;MCM4;CTM1;SSE1;THO2;INP54;CSG2;YBL107W-A;SEA4;THI2;RPL35A;IPF1;SOK1;YDR102C;SEC26;MNN10;SRP101;ATP17;NHX1;YIL082W;SLX8;IRC7;GPI10;PRP43;YGK1;PGD1;BNS1;ARN2;RIM101;ETP1;PTH1;ZRT3;YJU2;PSR1;RPL10;YLR076C;HMX1;YHC1;TAF11;YMR007W;YMR196W;PRM15;ATR2;MGS1;PGA1;MKT1;DSE4;COS10;TSR4;DIP5;PNG1;LSP1;CSR2
P3C05	WHI4;ACK1;HIS1;ADE6;DYN1;STT4;STE11;YLR454W;NAR1;IME4;SRS2;UTH1;GPB2;SLY1;ADE3;MHP1;KIN2;YLR162W-A;YPK2;AHC1;QCR2;UBP12;SRF1;FIG1;TRS120;ACF2;YNL165W;YPL272C;SEC8;ECM29;VIP1;TGL3;GPB1;SPA2;LEU4;IQG1;BNR1;UBR1;IML1;IRC20;SQS1;NAB3;CHL1;PUF4;FLC3;ADE2;APL4;GLT1;PMC1;TRA1;ALY2;TRM2;YLR419W;ROT2;RGD2;RAD50;SDS3;UFD1;SST2;NUP157;STE23;USA1;FYV8;DAS1;PIG2;MAL12;TAX4;CDC25;LCB3;NKP2;TRM12;OCA5;SFB3;AVL9;NCS2;EKI1;NIT1;STB4;SAK1;TPD3;KAP95;YNL092W;AFT1;RDL1;FUI1;DBP7;CTO1;KKQ8;MOG1;PKP2;LAM5;YHR033W;BLM10;YLR225C;YML108W;PRR2;RSM23;FAP1;HXT5;IMH1;YBR241C;MRPL37;UGA3;BUG1;RPL13A;RAD34;DIT2;HOP1;PKP1;MGA2;YAT2;CDS_VII_707917_708766;GPC1;YHR045W;SSZ1;RPL42B;REC104;ASF1;ARP4;LIA1;YJR071W;YJR098C;VMA5;TRZ1;ATG10;HMG2;ERO1;MIH1;ARA2;YOL163W;CDS_XV_36821_38566;NUF2;YRR1;RTC6;POC4;YPR114W;TPO3
P3C07	SNA4;ADE5,7;CBF2;HSP104;CAF130;SRS2;UTH1;SHE3;UTP21;MIL1;MRP20;YKT6;ACE2;FUR4;CDC39;YCF1;ESL1;IFH1;MRPL6;RRN11;ATG2;SNF6;PRS1;UBP14;RPG1;PAN1;COS7;USO1;ALG12;SVF1;ENT1;IAH1;NEW1;RDH54;R0020C;NDD1;FLO11;MMT1;TFB2;NPP2;PXA2;AGC1;PTC6;PHO3;TGL2;VPS74;CSF1;YEL045C;FAR8;AQY3;LRG1;YML082W;NPR1;LAP3;KEX2;PHO2;YPS3;YNL195C;PUS9;YNL058C;SEC10;MBP1;EXO84;TYR1;BEM1;MTC4;PBP4;MTF2;SWF1;MSS4;YHL050C;YJR012C;RAD26;TTI2;FRE6;APS1;YLR171W;JJJ1;YNL168C;YNL057W;DIA2;YPL278C;YPL245W;RPA135
P3C10	YDL124W;SEC5;ADE5,7;HSP104;RKR1;AGA1;SRS2;ISW2;PUF6;CIR1;IRC8;YJR154W;PRP40;KIN2;TDA9;HHF2;YDL109C;STE5;YGL140C;URB1;ARG81;FLO1;YPR097W;EFT1;UBP14;GLT1;TRA1;YPR148C;SRB8;GRE3;YNL115C;IRA2;ARO10;AUR1;MSB2;ERV29;HSP78;ROT1;AIP1;FPR4;PDR10;KAP120;TAF8;GLY1;BUL1;HSP33;LTE1;MDM10;YOR135C;PRC1;EXG2;ALD5;NIT3;CCW14;ZAP1;GIC2;RAD7;SDD4;IPF1;TPO3;BAP2;TFC1;CAB1;GVP36;TFG2;GLG2;YJR120W;CAB3;MIC60;PLN1;PAM18;PSR2;MEF1;GEP5;MCM5;SAS2;ATG3;PET494;YNR048W
P3C11	TRS85;ADE6;HSP104;SRS2;CDC48;PHO81;APC1;BEM2;ADE4;YHL045W;CYR1;HXT13;BZZ1;SWM2;LAM1;RRP5;RPA49;CDC73;HER1;FUB1;TRA1;ALY2;DNA2;PPX1;YCK3;RPN2;R0020C;YKR045C;CRS1;STE12;LCB3;SSC1;SEC16;MSH4;YOR342C;RSC30;SWI3;YER121W;IOC4;PKP2;SSY5;SMI1;ACF4;COS10;HTA2;PCS60;SNF5;RRP43;YDR391C;YEL074W;MTC3;YGL146C;AMA1;YKL183C-A;RQT4;CFT2;YLR177W;YLR365W;YMR031W-A;LCB4;RKM1;ARR3
P3D02	YBR144C;WHI4;ADE5,7;NCA3;STE11;LEU3;KSP1;SRS2;CDC16;FLO9;GPB2;SAM2;PHO81;PRR1;ECM21;AXL2;SRC1;OSH3;YKR078W;SNF12;PDE2;FLO1;DLD1;RPF1;YHR217C;SCP160;RSM26;NAM7;TCO89;PIM1;COT1;DHH1;KRE1;IST2;MLP2;TCA17;SET1;RRG9;ADP1;SSP2;MDM1;RGA1;OAF1;APM4;GAC1;MAK21;ERV29;RCK2;YNL095C;EFM6;FET5;CBP1;JJJ2;ATG13;HSP78;NDD1;ARP7;HIS4;ZRG8;CUL3;HXT4;CUB1;POX1;ALP1;RPO31;AIM44;RPN7;MDM31;MET5;ACO2;SLI1;LTE1;COM2;ACC1;MOB1;MDV1;GRS1;YLR112W;MAL32;ZUO1;FAT3;BTN2;NCP1;SSH1;FAR7;BIO3;YML122C;ZPR1;VNX1;MND2;SIT1;CHO1;RNP1;PSR1;YLR177W;PAU8;YBR287W;CPR4;RPC11;FOB1;COX26;HOM2;RKM4;YDR444W;SPP41;SGN1;KRE29;YER109C;YFL056C;CNN1;BRF1;BRL1;YHR173C;PMU1;ATG26;PNP1;SSQ1;SPP382;TSL1;YML018C;PUB1;SMP3;YOR376W;YPL102C;LTP1;YPR108W-A
P3D03	HIS1;ADE5,7;NUP57;MLP1;ARE2;STE4;KSP1;DMA1;SRS2;CNS1;TSC10;ADR1;ESL2;GUP2;BUD3;SLK19;SSA3;EDS1;GDI1;APL3;VID28;PBP1;VIP1;TBS1;YTA7;YJL016W;PUF4;PRP6;ECM5;RGA2;VPS13;MRK1;WSC3;COS7;NAM8;YNL115C;IRA2;TCB1;SKN1;STE23;RPN2;MCM3;ERV29;NEW1;R0020C;HCM1;TOR1;YBL100C;STE12;PIG2;NBP2;UBX3;PRO1;TDA1;FMP25;YMR187C;UIP5;NMD4;SCL1;MAL32;YDL129W;SPT23;TOD6;CDS_XII_112848_115994;SFP1;CNE1;UTP14;HMI1;SNZ1;ATP1;YCG1;GSY2;SDH2;ANB1;NUF2;YRR1;LYS14;ZIP1;ADH4;MRF1;NPY1;DED81;IRE1;UTP18;VPS25;APE2;URA6;OMA1;AQY2;SIC1;YLR101C;SEC14;YMR230W-A;RCM1;DFR1;GLN1;YMC1
P3D05	EHT1;MIC26;HSP104;MNL2;RKR1;YOL075C;MEC1;SRS2;DOP1;TOM1;PHO81;TOM71;AYT1;UBP10;CMR3;MRD1;DSL1;MMT2;SRF1;ECM21;YBR225W;YGL140C;MYO4;YDL199C;HRQ1;PDR15;SLM1;PPT1;IRA1;TRS130;SNF3;RIE1;SLH1;SCP160;YKL225W;ATG2;SUR1;YLR162W;CDC73;FLC3;LAM6;COS111;ROT2;PRP8;LIP2;CDS_XV_704342_708361;CDS_XV_708339_709655;EMC1;YFL063W;FPK1;YRO2;NUP157;IRS4;DCP2;DIS3;GET4;SAS3;RPL17B;HIR3;HPF1;STE12;SNF2;DUG2;MTC5;STB3;IBA57;HAP1;YTA12;PDR10;KAP120;HSE1;MGM1;AGC1;YMR187C;YKU70;OCA5;RPL3;YHR202W;NUP133;STE6;MCD4;QDR2;MNL1;YOR135C;IDH2;KEL3;NUP192;YPR003C;SUR2;ARG5,6;ALD2;SHE4;UNG1;YNL134C;TOD6;YCK1;PDS5;TAT2;IPP1;POT1;XKS1;FRE3;SEC18;THO2;TUB1;YPR089W;HOP1;SSZ1;YRR1;DFR1;GRX7;LEU2;CDC36;YDL071C;ENA1;TRM1;ATP22;ESC2;DIT1;TRS31;SNF1;YER068C-A;YFL064C;TRP5;YHR145C;BAT2;SEG2;MMO1;SDO1;PIG1;RPL31B;YML133C;RAD10;UFO1;TSA1;PKR1;SKY1;JNM1;YNL320W;HEF3;HRB1;YNR068C;ARG8;YOL029C;GCY1;MDL2;HFI1;SRP72;ISR1;KRE6;GPH1;YPR160C-A;SGE1
P3D09	YDR445C;GAA1;EFR3;KSP1;SRS2;TFB1;MNE1;ENV11;MYO5;ADE4;VIK1;RSC1;YOR1;CTK1;DRS2;CDS_IV_981252_982544;YAP1;HFD1;RIO1;SSN3;FLO1;CYC8;IRA1;EPL1;CTF4;UPF3;SLH1;NFT1;SUR1;RIM15;NMD2;ADE17;DNA2;YNL208W;PRP8;RTT10;RDS2;BUD27;MSB2;TRP4;FET5;R0020C;NDD1;ORC4;FLO11;YML020W;SNF2;STB3;ESS1;YJR018W;DNL4;TRM11;PMT3;ECM2;GNP1;ARG2;ACO2;IOC2;VHC1;TGL2;ACC1;PEX19;HIR2;MNN2;PEP4;REX3;VPS70;YEF1;YPS3;CIK1;YPR1;HXT5;UTR1;TUB1;ARN2;YMR196W;MGS1;TSR4;YAT2;TYR1;YPL245W;YDR444W;KRE6;FAT1;CDS_IV_981252_982568;YDR278C;YDR354C-A;PPZ2;PFK26;EPS1;MSL1;YIR016W;YEL077C;DNF1;PTR3;MRPL9;PUT2;NMD3;TES1;YJR020W;CDC11;JHD2;OAC1;MPE1;SIR1;YPS1;RED1;RPL26A;OGG1;ERG5;ZRC1;PUL3;IRC10;RGL1
P3D10	ADE5,7;HSP104;HSF1;SRS2;YNL338W;ISW2;RPN6;MLO50;YLR162W-A;TCB3;TEL1;CCW12;YTA6;RSC1;MNN14;PEX9;CRZ1;AKR1;ESL1;KAP123;USE1;AFG2;SKO1;SLH1;YJL027C;PUF4;MEI4;CDS_II_29934_31226;COX15;RNR1;CSC1;ELG1;DIP2;GAC1;IPT1;GPI12;R0020C;CCT3;NDD1;GPI18;GIT1;ESC1;LST8;LCB3;PDC5;AGC1;SIN3;PAR32;GAL4;POL1;MSB1;YFL067W;EFM1;PEP5;PLC1;SRO7;YCK1;HTD2;MOG1;PKC1;PPH22;YNL018C;BBC1;GMH1;YAL068W-A;YBL113C;RRN6;SCT1;CCZ1;CCT6;CDC40;NKP1;YOS1;OST5;YGR153W;SOL4;ARG4;YHR020W;RNR2;EBP2;EMC6;ORC3;CDA1;RNA1;YNL035C;CYC2;HSP32;TYW1
P3D11	ADE6;RSF2;HSP104;MEC1;FLO9;FAS1;YPK2;DPI34;ADE4;STE5;YSP2;STE7;RTF1;YBR284W;UBP1;URB1;GEP3;IRA1;LAM1;YPL216W;ASF2;BNR1;YOR296W;PIM1;PUF4;FLC3;PEF1;PET309;ATG1;DNA2;GCD6;MUS81;PRP8;SPC98;VHS3;IRA2;CHS2;CDC13;UTP8;SHM1;YDL159C-B;MCM6;R0020C;MIG2;GSY1;ARO1;LCB3;PDC1;ECM22;RPA34;SWP82;CSF1;YPL277C;DBP10;QDR2;TPC1;MDV1;LDS2;CIP1;HO;YGR237C;VPS33;VCX1;YLR149C;YBL086C;MDM38;NPC2;TFG2;AMA1;UTP18;OSH2;INO2;VPS64;SAC7;ERD1;RPB3;YIL021C-A;ANP1;SCW11;TRS65;YHL041W;YHR078W;PFS1;YHR213W-B;VPS55;TRK2;GPT2;YML119W;AIM33;YMR265C;YNR025C;YOR053W;SME1;ARL3
P3E02	ADE5,7;STE4;YPK9;RPO21;ECM32;ERC1;SRS2;RPN6;YDR239C;GCN2;CRT10;VAC14;PCH2;GDI1;UBP2;UBP7;HXT13;SAP185;FPR3;MSB4;VIP1;ARG81;KAR5;TRE1;NNK1;MUM3;SSB1;IRC20;ROM2;EPO1;DIA1;HSP82;BMS1;YDR249C;NMD2;YGR210C;FMP45;DNA2;MRK1;OYE2;VHS3;POL3;TPS2;MSH3;NAF1;TBF1;GFA1;ATP4;IRC3;USA1;SLA2;ERV29;YNL095C;R0020C;RLM1;STU1;FIG2;NPP2;RNA14;GAL11;TIF3;THI13;YHL002C-A;HSE1;LCB3;GAS2;ELO3;ECM7;YMR102C;SIN3;HDA2;HXT2;MSN2;PHO87;YLR122C;NUP1;LAS17;YDR095C;ROG1;SAY1;ACC1;RSC30;MNL1;CLB4;RAD16;YNL144C;CDC19;GSM1;SPT23;NRM1;TOD6;MAG1;PRM7;SSH1;SPC97;MET13;INA1;PAB1;ASK10;IRC19;YNG1;SEC17;GSF2;PTK2;BUD8;EGT2;CIR2;MCM4;SSE2;MAK10;SSE1;YKR015C;NOB1;TRM732;SRP101;ATR2;ERO1;YNL168C;KRE6;EPS1;PTR3;OAC1;YOR053W;PHO11;YBL065W;CDS1;RXT2;EXO5;APE3;SPS22;YDR020C;MCM21;ESF1;VHR1;AGE2;LYS1;PCL6;AGP3;MNT2;DOC1;APL6;LAM4;SKG6;KOG1;YHR210C;RCY1;PXL1;YLR261C;YPT6;ATP25;FOL3;REC114;CUS2;PSK2;YOR235W;FSH3;ECM23;PZF1
P3E08	ADE5,7;MTC6;VBA5;HSP104;GCN1;SRS2;YLR162W-A;AUS1;TEL1;BEM2;CCW12;YLR126C;YGL140C;CDS_IV_981252_982544;NNK1;IFH1;SIN4;GPR1;RPG1;SSK22;UBP11;KAR1;COX10;ADP1;IRA2;ROK1;TOR2;IPT1;ERV29;UTP10;SSK2;THI80;R0020C;TOP2;LYS9;IDP2;DUG2;PYC1;AVT3;RIF1;PYC2;MET2;MTR4;STE13;GEF1;STB4;YFL067W;ARH1;AAT2;NIP1;MRPL8;PEP4;PEX8;ATH1;CHM7;ALD5;CLF1;DCI1;COG5;MSS4;MEF1;LYS14;YEL077C;CLN3;SPT7;PGI1;SHG1;PHO13;RPL31A;AFR1;YDR290W;PFU1;EMI2;PUG1;YHL049C;PRS3;LSB6;YJR149W;MRT4;POM34;TEP1;SPT20;YOL097W-A;TRS33;MCP1;IPL1;LEE1;ERG10;MET12
P3E11	SEC7;YDR445C;NAR1;RPO21;SRS2;GPB2;YGR266W;MHP1;AYT1;UBR2;APC1;SED4;UBP12;ADE4;DSL1;STE5;FAB1;SNT1;STE7;DTR1;ESL1;SPT2;PAU12;LAA1;URA2;RPT3;UBR1;SUR1;CIN8;ATG15;YGR210C;PAN1;KAP114;ADP1;TOR2;YFL040W;DCP2;YDR340W;VAM7;MSB2;ERV29;TPK2;SMT1;MPS3;PIG2;MDH1;ILV5;GIT1;UBX3;FRE8;FDO1;PDR10;XRS2;LCB3;CLP1;HFA1;OPT1;PMD1;MUK1;KGD1;MCO76;PHM8;HO;NUP100;RPB2;TKL1;SMA2;HOL1;CYB5;BRO1;UBC1;GIP4;AIM6;NHX1;DNF1;RIB5;YCL049C;NUS1;TSR1;ADK1;COI1;DYN2;YDR455C;RIB3;MAM33;YGR293C;SPC1;YLR001C;PCD1;TAD3;TAF13;MFT1;PFS2;TIM23;AAD15;MSN1;ADH1;CAT5;MEI5;YPR027C
P3F03	MSC2;YDR445C;YFR036W-A;ADE5,7;MLP1;HSP104;THI7;LEU3;ALD3;YPK9;PDR12;SRS2;UTH1;PUF6;CSS1;FAS1;UTP21;TDA9;RTS1;HHF2;SEF1;PHO23;SNT1;ARX1;NUM1;YOL057W;SEC31;YFH7;BCK1;MUM3;CTF4;BNR1;UBR1;SLH1;ROM2;ATG2;YNL097W-A;PRS1;SIP5;VPS13;DPH6;SRO77;ALY2;HST1;DNA2;CDS_X_198677_198997;YLR419W;GCD6;GRE3;SKN7;STB2;CDS_IV_878449_882411;RAD9;MIP6;TAF2;PDR11;ISF1;HCM1;PHM7;STL1;CHD1;CUZ1;SIF2;AMS1;SPT6;SEN1;ABZ2;GRS2;LCB3;HKR1;PYC2;HEM1;ACO2;VHS2;ATG4;OST3;POL1;MNL1;MLH3;YBR238C;EFM1;SRO7;FDC1;YGR237C;RGP1;CDC1;ISW1;SSH1;RAD53;MME1;GSY2;SWC7;SEC18;DDI2;YMR007W;UGA3;RPL13A;RAD34;ERO1;PBP4;DIA2;YDR444W;CCT6;VPS55;YML119W;YBL065W;SPT20;ERG10;RBG1;STE50;YDL211C;LYS20;YDL057W;ERP3;RAD57;TFB3;EDC3;MXR1;SEC27;YGR073C;SMD1;YGR115C;CRM1;NOP19;YNG2;RTT107;YAP1801;THP2;YJL182C;NIT2;RPE1;VPS53;RRN7;YJL009W;SRP21;MTC2;YLL032C;SPC3;CTF3;YML6;SOK2;RPC19;YNL050C;ALG11;SDD3;DGA1;ERV2;YTH1;MET16;YPR195C
P3F05	PWP2;SUM1;TRR1;HFM1;ADE5,7;MGA1;SRS2;BRR2;SBE22;FAS1;SED4;DSF1;NUP188;ADE4;DSL1;CBK1;HMG1;XRN1;CAB4;SCC2;SLM1;BOS1;ATG39;YOL019W;IRA1;SIZ1;YDR524C-B;SPT16;PSK1;GSC2;YDR514C;DHH1;DNA2;PXA1;LDH1;MLP2;RGD2;YMR1;JSN1;ABZ1;ADP1;PPX1;HUL4;PHO8;MDM1;LGE1;UPC2;RAD5;ART10;ERV29;NEW1;LEU1;THP1;R0020C;TOR1;VTS1;MAL31;STE12;ULS1;YDR544C;EIS1;YIL092W;ZRG8;PDE1;PYC1;SSK1;HAP1;SIR2;LST7;LCB3;SET4;MCA1;PMT3;PRO2;YRB30;CCA1;MSH4;NMD4;LTE1;TRM3;AQY3;MNL1;MTQ1;BUD13;PIK1;POB3;LRO1;FIN1;SFL1;IMD2;YGR164W;MMP1;HAS1;CHM7;DFG5;GSY2;CDS_IV_513497_517516;YMR084W;CIK1;YCS4;SFB2;HPM1;MRX11;EMP65;FAP1;NPC2;BOR1;TIR4;CDS_VII_707917_708766;TRZ1;GVP36;RKM1;YER109C;RPL31B;PCL6;EDC3;YTH1;GAL1;POA1;TEC1;PAU3;URH1;HEH2;PAU15;HXT10;MIN10;HOM6;YJR162C;YKL075C;TFA1;CCE1;YKR005C;MRPL13;THI73;MDL1;CSM3;ARG7;LDO16;YMR290W-A;YNL184C;YOL160W;NRT1;SPR1;MRP51
P3F07	RPO41;ADE5,7;LEU3;RKR1;UTH1;GPB2;NET1;AUS1;HHF2;SWA2;UBP13;MCM1;ANT1;BZZ1;YLR278C;FAR11;YPR117W;CYC8;YHR217C;PSK1;PSY2;SEC15;RTP1;SBE2;PHO8;FPK1;RGA1;OAF1;PFK27;VAC8;CDC60;CHD1;ZRG8;NAB6;YHR213W;ISM1;STN1;DNF2;YBL029W;MET2;REV1;SAY1;MET1;MNN2;ZUO1;YLL066W-B;PRP3;MOD5;FAA4;YJR098C;TFG2;YBL113C;RPB3;PRS3;ALG1;YIL177C;YEL014C;MPC2;SOL3;YJL225C;YUR1;NPA3;YJR112W-A;FRA1;RPN13;URA5;MVP1;ROY1;PPA2;IZH4;YOR031W;HAL1
P3F09	FCY22;ADE6;HSP104;YPK9;SRS2;YNL338W;BNI4;CCW12;NUP188;STE7;ACE2;SSN2;ARG81;YAP1;HEM3;YDR541C;SET3;YPL150W;YHR217C;ROM2;ATG2;TYE7;SUR1;ESP1;SWI4;UBA1;TUL1;SBE2;CSC1;TCB1;YDL159C-B;PMT1;R0020C;RGC1;TMN2;SCO2;POX1;SEC16;FUN12;ARO80;PMD1;ECM30;MLF3;SMA1;NIP100;PDI1;YEN1;YLL066W-B;SPT5;RIA1;GND1;KKQ8;SPG5;NNF2;COQ8;BBC1;NDI1;SPO14;KRE6;MNT2;APL6;YAL016C-B;SCS22;YBR134W;BUD5;TIR3;YER006C-A;MRM2;YHL048C-A;MRX12;IXR1;STU2;PER33;SUR7;YOR082C;SET6;RPC82
P3F11	ACK1;ADE5,7;MLP1;HSP104;SRS2;GDH2;VPS41;YJR015W;AHC1;MNS1;MES1;TEM1;PHB1;BZZ1;YLR278C;WHI3;SYT1;YPR097W;ARC40;MSB3;PIM1;TRK1;LAM6;SSK22;COX15;WSS1;IST1;USO1;YFL012W-A;RPL25;LYS2;HUL4;IRA2;FRE5;OAF1;YPL222W;JJJ2;R0020C;STE12;CTF13;VID30;NOP56;OPT1;GAS3;RVS167;ZDS2;SUR2;SSA4;AAT2;FDC1;OPI3;AIM20;NPR1;IPP1;CWH43;YGR265W;HNM1;RPL14A;UTR1;SDD4;TMA10;PNG1;YOR376W;YHR145C;PUT2;RTT107;SET6;GBP2;POL4;SKP1;YIL161W;CBR1;AIM46;DPI8;PDR8;DCR2;COQ5;SOV1;CTF18;GAS1;YPT11;YNL266W;GPD2;PRE6;DBP5;PRT1;YPL162C;RPS6A
P3G02	NUP170;SEC7;HIS1;ADE5,7;YHR070C-A;HSP104;RKR1;STE4;SWH1;DED1;TFB6;ADE4;BIO2;GDB1;LRE1;WHI3;DBP2;EPL1;PUF3;YHR217C;SFK1;PRP16;ESC8;MYO2;UBX6;PKH3;PMC1;BAP3;VMR1;STT3;ADP1;SBE2;OAF1;NUP157;AMD2;ZNF1;SIR4;ATG11;R0020C;STE12;ADE13;RLM1;FLO11;BCK2;AVO2;SEC23;ZRG8;AHK1;YDR543C;LCB3;PTI1;SIN3;HDA2;MCO12;GCD7;HDA1;MRPL32;CEP3;CAD1;TPO2;MSH2;MLH3;MNN4;FET3;NCP1;SFP1;FUI1;YBR184W;REX3;INA1;TCP1;KKQ8;RGT1;DPL1;HOS3;ALD5;GSY2;YCR102C;HSP42;PDC2;YGP1;HXT5;YHR045W;ERO1;FRE6;GVP36;FOB1;HOM2;SGE1;SCT1;TYW1;TAD3;DCR2;CTF18;FUS1;PMT5;YDL032W;YDR109C;CDS_IV_802984_804306;HMO1;MRX10;MET30;YIR018C-A;YND1;YER133W-A;YER134C;RPL2A;DAP2;RPB4;IME2;BUD2;YLR317W;MRP7;BTS1;AOS1
P3G05	CSE1;ADE6;HSP104;THI7;LEU3;FKH2;BUD14;GCN1;KSP1;YDR239C;BRR2;MMT2;ASG1;YGL140C;YBT1;GYP5;SPT2;URB1;LAP2;CDC24;ILS1;SIZ1;YKL222C;UBX6;KRE1;NCE102;NAF1;PPG1;RRT12;RSN1;RPL17B;ISF1;AVO1;ATG13;R0020C;GIP2;RDS1;NPL3;ESC1;SIR2;YDL041W;LCB3;RIF1;DNF2;FMP25;ARG2;CHS3;CHS1;MNN4;TAF7;AAR2;NIP1;AFT1;POB3;KAR3;TOD6;COS4;MRN1;PEX8;CLB3;SEC24;CDS_XIII_373093_377055;FRE3;IME1;YAT2;HMG2;LEU2;YIR016W;JHD2;APE3;CLN3;CTF3;YUR1;DBP5;YBR200W-A;RAM1;MRX9;YDL026W;YDR415C;CDS_IX_29031_29414;FLX1;YVH1;PXP1;SHO1;CEG1;YGL102C;YGR017W;SET5;TIF2;YKL202W;YKL162C;YJU3;RPC37;MSS51;CLU1;INP1;TRI1;ALG8;YRM1;RRD2;TFB4;YPR150W;CUR1
P3G06	HIS1;YFR036W-A;RSC8;ADE5,7;HSP104;THI7;STE11;LEU3;MEC1;OCA4;IME4;KSP1;SRS2;RPP0;CAT8;ADE3;YJL150W;NET1;FAS1;RRN5;TCB3;BEM2;MNS1;YDR341C;ARG1;APL3;HMT1;DCC1;RPA190;ESL1;ARG81;SPT16;YKL225W;ABF1;NAM7;NAB3;TPO5;RIM15;YGR210C;COT1;SRO77;PMC1;CDC3;CDS_II_29934_31226;COS111;BAP3;GAT1;VMR1;YHR182W;DAK1;WSC3;RPL33B;POL3;RTC1;IRA2;SGA1;IPI3;CHS2;YDR491C;SKI8;RSC4;IRS4;YER046W-A;RRP3;YOS9;APC4;ERV29;UTP10;SKT5;MCM6;R0020C;MMT1;BCK2;HIS4;CPT1;PDR10;LCB3;MCH2;SIN3;YBR047W;SEC6;OPT1;PAL1;MET2;UFD2;HXT14;PEX7;NGL3;AQY3;CWC21;YGR025W;YBR238C;PEX10;YHL008C;KAP95;TPN1;PDS5;SMF2;OSH7;NVJ1;UTP14;YCG1;YJL068C;SDD2;PEX13;YPQ2;ECM11;ARO9;ATP11;IPF1;HMX1;YHR045W;YGR153W;SPS22;YUR1;BUD2;RPB5;ALG7;RLI1;ADA2;RMT2;CDS_IX_437043_437735;YEA6;YHR137C-A;HSP150;PSF2;GPI14;COS5;CBT1;YKL111C;RPF2;BUB2;INP52;LDB19;PUS1;ODC1
P3G09	ADE5,7;YMR099C;SRS2;YNL338W;VPS15;AUS1;CCW12;FAR11;CYC8;CDC7;BNR1;PUF4;PIP2;TPS2;PKH2;OKP1;R0020C;ULS1;MAL12;CAB2;ABZ2;SIN3;ISN1;DBP10;GUT1;SUR2;SER2;SFP1;ISW1;CDC34;HXT11;GLC7;ACS2;MED4;PRP43;HRB1;PAU3;HXT10;MAP2;YBL073W;YDL157C;YER097W;SBP1;DUR3;RRP14;YPT7;SEN15;MCK1;MED7;AFI1;RUP1
P3G10	ADE5,7;HSP104;LEU3;MEC1;FLO9;GDH2;RMD9;YOX1;CCW12;HHF2;BNI1;MRP20;CYM1;PEX9;YCF1;VPS3;FRS2;ARG81;ENB1;IQG1;BNR1;YHR217C;MDR1;PHR1;UBP15;GYL1;PXA1;MLP2;PRP8;SPC98;RPD3;KAR1;CSC1;PCT1;YER148W-A;YGL036W;MIP6;SGO1;NOG2;R0020C;PEA2;VAC8;STU1;DUG2;PBN1;FIG2;MTC5;GAL11;ADH5;LCB3;HEL1;YKR018C;YMR102C;SDP1;SIN3;CDS_III_2824_3750;PXP2;PTM1;RVB1;PIK1;YDL206W;NCL1;TAH11;YAP1802;PRB1;YHR032W-A;YHR032C-A;MCD1;FIT2;STP1;SUL2;HPM1;ITR1;UTR1;TRZ1;ZIP1;JHD2;YBL113C;SCT1;ATP25;ACS1;SYN8;YDL144C;RTN1;PEX5;HIM1;SHE9;YIL060W;YIL059C;RPL12A;FRD1;SPC25;FCY21;CDC43;YGR067C;MIR1;TMH11;MUB1;RGM1;RIO2;SDH5;DCS2;RPT4;SNU66;VPS16
P3G11	ADE6;FKH2;YNR065C;CAF130;CAT8;SLM2;MYO1;KIN2;UBP10;YBR225W;MNN14;PUT3;EBS1;SPT2;CYC8;CSE4;AFG2;SLD3;YHR217C;FAS2;PSK1;STP22;PAN1;PEX30;CTR9;ADP1;SVF1;NUP157;SGV1;ERV29;YNL095C;SNU71;HIR3;R0020C;ADY3;STE12;YBL070C;DUG2;KTR7;PDR10;RVB2;KIP2;HKR1;SLI1;HSL1;ATO3;URB2;MRX6;HXT3;EMW1;URC2;PRP3;FUI1;YNG1;PKC1;NNF2;CBS2;YNL195C;PRM8;SSZ1;SDO1;ESF1;SKG6;RTT107;YLL032C;SDD3;PER33;INP52;ACS1;RCR1;HTL1;SDH6;TIF35;YER076C;YGL117W;YGR035C;CRP1;YKL091C;LHS1;ANR2;MAC1;JLP2;YNR014W;LPX1;NFI1;SAM3
